Date,Commodity,Actual_Return,Predicted_Return,Absolute_Error
2010-01,Brent,-0.035238864886706245,-0.0009594766416350098,0.034279388245071235
2010-02,Brent,0.07599326732044176,-0.017472706919218855,0.09346597423966062
2010-03,Brent,0.0708915347886554,0.017392226857879035,0.05349930793077636
2010-04,Brent,-0.10596956350223063,0.03166744764029583,0.13763701114252647
2010-05,Brent,-0.011637851134217114,-0.005481714845698817,0.006156136288518297
2010-06,Brent,-0.000682606226818705,-0.008175778844823884,0.007493172618005179
2010-07,Brent,0.022565571937205764,-0.018450858159181144,0.041016430096386905
2010-08,Brent,0.013608257173596927,0.01025933111646757,0.003348926057129357
2010-09,Brent,0.06929067992614857,0.02230886364162661,0.04698181628452196
2010-10,Brent,0.029546194758667044,0.0538343827835057,0.024288188024838654
2010-11,Brent,0.07178351574999198,0.02612164119437222,0.04566187455561976
2010-12,Brent,0.05428861409722674,0.039086793993550556,0.015201820103676184
2011-01,Brent,0.07515152259332014,0.011914451032431361,0.06323707156088879
2011-02,Brent,0.1024467092710255,0.012951124336708227,0.08949558493431728
2011-03,Brent,0.07316841155137133,0.014394601513068183,0.05877381003830314
2011-04,Brent,-0.06808125036857282,0.015327519132723788,0.08340876950129661
2011-05,Brent,-0.004864640392335917,0.014024257109266029,0.018888897501601946
2011-06,Brent,0.027217508230166665,0.01373365868616446,0.013483849544002205
2011-07,Brent,-0.06067712348960952,0.01393795943683116,0.07461508292644067
2011-08,Brent,0.01457068398868766,0.01282430148270518,0.001746382505982481
2011-09,Brent,-0.013693873850257554,0.012849983578381394,0.026543857428638948
2011-10,Brent,0.006602514698607509,0.01246528999245909,0.005862775293851581
2011-11,Brent,-0.025287365722207134,0.012381536059689781,0.03766890178189691
2011-12,Brent,0.028309525307826044,0.011850988147268697,0.016458537160557347
2012-01,Brent,0.06956616510985314,0.025477130135777407,0.044089034974075736
2012-02,Brent,0.04646863039137883,0.03348994496217596,0.012978685429202871
2012-03,Brent,-0.03394606101032627,0.04253779516480918,0.07648385617513545
2012-04,Brent,-0.0800848849253466,0.010179443415950042,0.09026432834129663
2012-05,Brent,-0.13474854144002935,-0.02413688617896794,0.1106116552610614
2012-06,Brent,0.07394481446585366,-0.061608641240254974,0.13555345570610863
2012-07,Brent,0.10488383183659145,0.008732575785288108,0.09615125605130334
2012-08,Brent,-0.0012210779724487475,0.05143935635672301,0.05266043432917176
2012-09,Brent,-0.016269508096494523,0.05092953244890813,0.06719904054540266
2012-10,Brent,-0.016823925443535614,0.02428675446479705,0.04111067990833266
2012-11,Brent,-0.003118596056737033,0.0011223998392770693,0.004240995896014102
2012-12,Brent,0.027003780102169417,-0.009091880326102999,0.03609566042827242
2013-01,Brent,0.035192841190971436,0.012049580583222764,0.02314326060774867
2013-02,Brent,-0.05925319100925153,0.012972285743820764,0.0722254767530723
2013-03,Brent,-0.060461478294877025,0.0047264428850187145,0.06518792117989573
2013-04,Brent,0.0001984730245601085,0.0035814673619090805,0.003382994337348972
2013-05,Brent,0.0036712334550674797,0.008514494891656944,0.004843261436589464
2013-06,Brent,0.04277408454448617,0.008745508062975482,0.03402857648151068
2013-07,Brent,0.03041964953354137,0.01206640198282223,0.01835324755071914
2013-08,Brent,0.008145958360423977,0.011320915442975874,0.0031749570825518967
2013-09,Brent,-0.020936956688164976,0.009648632382331787,0.030585589070496765
2013-10,Brent,-0.013393878233658563,0.007282937182882886,0.02067681541654145
2013-11,Brent,0.026999218661188262,0.007615921395192869,0.019383297265995393
2013-12,Brent,-0.028301838113293676,0.010572059028103877,0.03887389714139755
2014-01,Brent,0.008441296851332769,0.006592340614503521,0.0018489562368292477
2014-02,Brent,-0.008911453370190614,0.008959448724269427,0.01787090209446004
2014-03,Brent,0.001256545090946748,0.007739780147653278,0.0064832350567065305
2014-04,Brent,0.016931248106123675,0.008297485125081083,0.008633762981042592
2014-05,Brent,0.02193052728373157,0.00928517496928562,0.01264535231444595
2014-06,Brent,-0.04257219476436924,0.009674144733736545,0.05224633949810579
2014-07,Brent,-0.047092695730846734,0.005757965400971804,0.052850661131818535
2014-08,Brent,-0.04442473506479039,0.004901750840398894,0.04932648590518928
2014-09,Brent,-0.10493263652645712,0.004476680662071654,0.10940931718852878
2014-10,Brent,-0.09539651021370588,-0.0006893518846101737,0.09470715832909571
2014-11,Brent,-0.2060543983809281,-0.0021324041675156082,0.20392199421341248
2014-12,Brent,-0.22209637762344092,-0.01783351223484271,0.20426286538859822
2015-01,Brent,0.19048052539176785,-0.06467593007206056,0.2551564554638284
2015-02,Brent,-0.02968816811643049,0.042789316800526,0.07247748491695649
2015-03,Brent,0.05841388294707062,-0.0035946668398173336,0.062008549786887954
2015-04,Brent,0.08971706721254646,0.013480349977311816,0.07623671723523465
2015-05,Brent,-0.03947935459837704,0.020323087644974414,0.05980244224335145
2015-06,Brent,-0.09246941524446983,-0.004245880747785412,0.08822353449668442
2015-07,Brent,-0.16357252880648532,-0.015218122405650642,0.14835440640083467
2015-08,Brent,0.010448247818140022,-0.03229724235132162,0.04274549016946164
2015-09,Brent,0.018236535531433562,0.0030185903669368245,0.015217945164496737
2015-10,Brent,-0.07792698654642627,0.00461505980646745,0.08254204635289372
2015-11,Brent,-0.14569211698269136,-0.014068671036032468,0.1316234459466589
2015-12,Brent,-0.1682009793805569,-0.029393122137417734,0.13880785724313915
2016-01,Brent,0.05358496173564142,-0.03833552852941409,0.09192049026505551
2016-02,Brent,0.17859501583040172,0.009479139275505049,0.16911587655489665
2016-03,Brent,0.08891955199946722,0.03707323067351288,0.051846321325954334
2016-04,Brent,0.10164955931160291,0.019561577028079362,0.08208798228352354
2016-05,Brent,0.04487844825123566,0.02352077743309937,0.02135767081813629
2016-06,Brent,-0.06573537644347816,0.011351437692798637,0.0770868141362768
2016-07,Brent,0.009734257308023908,-0.013134433467414015,0.022868690775437923
2016-08,Brent,0.00689966566421929,0.003196445396950594,0.003703220267268696
2016-09,Brent,0.08521026731889347,0.0026227787058989756,0.0825874886129945
2016-10,Brent,-0.08697151286690863,0.01975753170647404,0.10672904457338267
2016-11,Brent,0.1721359890774936,-0.016420006659893616,0.18855599573738724
2016-12,Brent,0.012507228418008998,0.0338714846914727,0.0213642562734637
2017-01,Brent,0.00691230703958734,0.005184540262315476,0.0017277667772718636
2017-02,Brent,-0.061337396760832275,0.003816875086547193,0.06515427184737947
2017-03,Brent,0.025121586696062126,-0.01343308768667426,0.03855467438273639
2017-04,Brent,-0.048235432470877804,0.008020081963019753,0.056255514433897556
2017-05,Brent,-0.07244122233839667,-0.010102795010897355,0.062338427327499314
2017-06,Brent,0.03358897070980715,-0.016588249761965573,0.05017722047177273
2017-07,Brent,0.05430074621595549,0.009465816615460119,0.04483492960049537
2017-08,Brent,0.06990073019009513,0.014790398846284088,0.05511033134381104
2017-09,Brent,0.035616079714441806,0.019078963974387776,0.01653711574005403
2017-10,Brent,0.09211565808184563,0.010901441199261843,0.08121421688258379
2017-11,Brent,0.019541583994708844,0.025375843250304515,0.005834259255595671
2017-12,Brent,0.07531254999103187,0.007542747527338736,0.06776980246369314
2018-01,Brent,-0.046344472845466944,0.01947047933800624,0.06581495218347319
2018-02,Brent,0.01819454890014205,-0.006712998168789169,0.024907547068931217
2018-03,Brent,0.07536106953076005,0.006907156179194494,0.06845391335156556
2018-04,Brent,0.0695299878509894,0.019240275712117734,0.05028971213887167
2018-05,Brent,-0.014707223953956294,0.018522046086682828,0.03322927004063912
2018-06,Brent,-0.007569190072676424,0.00067161573309568,0.008240805805772104
2018-07,Brent,-0.01831454487373485,0.002100218396128488,0.02041476326986334
2018-08,Brent,0.07192419550448026,-0.00025725745788599246,0.07218145296236625
2018-09,Brent,0.020470147175695397,0.018770759430788868,0.001699387744906529
2018-10,Brent,-0.18017102272115693,0.008220025361992105,0.18839104808314902
2018-11,Brent,-0.12502961830703863,-0.03353321505509423,0.09149640325194439
2018-12,Brent,0.03445647975824717,-0.02449313908143992,0.05894961883968709
2019-01,Brent,0.07405510868698006,0.008356849649346045,0.06569825903763402
2019-02,Brent,0.03972888857332202,0.015292614654182692,0.02443627391913933
2019-03,Brent,0.06773043499629439,0.009846814549631294,0.05788362044666309
2019-04,Brent,-0.01520482453387495,0.014881520523155757,0.030086345057030707
2019-05,Brent,-0.10201334198091361,0.0010279033912077191,0.10304124537212132
2019-06,Brent,0.01761905302361999,-0.013883218039493054,0.03150227106311304
2019-07,Brent,-0.07313173371940052,0.005886221698089075,0.07901795541748959
2019-08,Brent,0.047179744114785205,-0.008983318672197635,0.05616306278698284
2019-09,Brent,-0.04484391037386226,0.010198762267855824,0.05504267264171808
2019-10,Brent,0.051237556385129945,-0.004131905870729509,0.05536946225585945
2019-11,Brent,0.042457436214747624,0.010549786640694015,0.031907649574053606
2019-12,Brent,-0.02218097161510635,0.009465288228336241,0.03164625984344259
2020-01,Brent,-0.12844856328291376,0.0036310819310999285,0.1320796452140137
2020-02,Brent,-0.3904352098674341,0.0028495455688868293,0.3932847554363209
2020-03,Brent,-0.2091077071394143,-0.01783194068924166,0.19127576645017264
2020-04,Brent,0.2075987962015693,-0.01831167267625955,0.22591046887782884
2020-05,Brent,0.2602545940554668,0.00957967086490307,0.2506749231905637
2020-06,Brent,0.05959790843123125,0.021398774320558873,0.03819913411067238
2020-07,Brent,0.0412460907238974,0.006564024474369355,0.03468206624952804
2020-08,Brent,-0.06997583017166631,0.005412158440547997,0.07538798861221431
2020-09,Brent,-0.0076323464044493194,-0.0030426510836776763,0.004589695320771643
2020-10,Brent,0.05872070792592998,0.001380187236549974,0.05734052068938001
2020-11,Brent,0.1436312490746683,0.006280356537978361,0.13735089253668992
2020-12,Brent,0.09623061252084164,0.013449895947409807,0.08278071657343183
2021-01,Brent,0.1292488704169974,0.022758268096350953,0.10649060232064644
2021-02,Brent,0.05505852004845435,0.030822125587106654,0.024236394461347698
2021-03,Brent,-0.004016481631775148,0.015313219617777185,0.019329701249552335
2021-04,Brent,0.04338991336286213,0.0026996379426712782,0.04069027542019085
2021-05,Brent,0.07513669159489145,0.012884276567028057,0.06225241502786339
2021-06,Brent,0.012112930352196294,0.019958254029652803,0.007845323677456509
2021-07,Brent,-0.05127468888793851,0.006609275249640421,0.05788396413757893
2021-08,Brent,0.05895269617628496,-0.006972595383698242,0.0659252915599832
2021-09,Brent,0.12194980698893776,0.01629048372030764,0.10565932326863012
2021-10,Brent,-0.03547099629533468,0.030193620271024575,0.06566461656635925
2021-11,Brent,-0.07679761117423967,-0.0028520825024733057,0.07394552867176636
2021-12,Brent,0.14655028056867825,-0.011761398952849568,0.1583116795215278
2022-01,Brent,0.10096214274194004,0.03353583932366456,0.06742630341827549
2022-02,Brent,0.19278220374043942,0.02537301355999557,0.16740919018044384
2022-03,Brent,-0.055890125527265244,0.046251051100893344,0.10214117662815858
2022-04,Brent,0.05612436521209374,-0.0053735179972679795,0.06149788320936172
2022-05,Brent,0.04976282181228453,0.016685495345892327,0.03307732646639221
2022-06,Brent,-0.10569786611405063,0.01564706936338385,0.12134493547743448
2022-07,Brent,-0.07230030491493078,-0.014548078242640225,0.05775222667229055
2022-08,Brent,-0.07204672662262201,-0.008740734479257571,0.06330599214336444
2022-09,Brent,0.034327911100026975,-0.009186997788922808,0.04351490888894978
2022-10,Brent,-0.02966258472104255,0.011635811064755643,0.04129839578579819
2022-11,Brent,-0.10375627920925701,-0.000794077837249889,0.10296220137200712
2022-12,Brent,0.03163847479462589,-0.015613471986077467,0.04725194678070336
2023-01,Brent,-0.005343820953616629,0.01055284169120433,0.01589666264482096
2023-02,Brent,-0.052323896342564846,0.003520582970927482,0.05584447931349233
2023-03,Brent,0.053995282242580434,-0.005562261086665248,0.059557543329245684
2023-04,Brent,-0.09323655305080647,0.014543091779126428,0.1077796448299329
2023-05,Brent,-0.010196936040271276,-0.012859926641583683,0.0026629906013124066
2023-06,Brent,0.06847679385191885,0.002237446703838243,0.06623934714808061
2023-07,Brent,0.0631540806049311,0.01668390655622991,0.0464701740487012
2023-08,Brent,0.088120532075465,0.016011989585123718,0.07210854249034128
2023-09,Brent,-0.04020148975547866,0.02100816605444684,0.0612096558099255
2023-10,Brent,-0.07601502414594874,-0.0025085140950438433,0.0735065100509049
2023-11,Brent,-0.05652289564683799,-0.009374419041932532,0.047148476604905454
2023-12,Brent,0.02023508315114597,-0.006174281206224802,0.026409364357370773
2024-01,Brent,0.03394911244740606,0.007873160005310765,0.026075952442095297
2024-02,Brent,0.0387026913739803,0.010459491361152193,0.02824320001282811
2024-03,Brent,0.04723457397780195,0.011445824330113144,0.03578874964768881
2024-04,Brent,-0.06654299137826869,0.013155031609322033,0.07969802298759072
2024-05,Brent,-0.0016424637741854209,-0.0075499260551608926,0.005907462280975472
2024-06,Brent,0.013642423519448776,0.004032713614030485,0.009609709905418292
2024-07,Brent,-0.059846964304525074,0.006779242020841428,0.0666262063253665
2024-08,Brent,-0.07543811928853417,-0.006457293437724528,0.06898082585080964
2024-09,Brent,0.030235076372686187,-0.009668371451395916,0.0399034478240821
2024-10,Brent,-0.02335633785033875,0.009250218715354953,0.0326065565656937
2024-11,Brent,-0.0038205633763004343,-0.0002710658459991891,0.003549497530301245
2024-12,Brent,0.06781837912646216,0.0031268831701435447,0.06469149595631861
2025-01,Brent,-0.038377834369405006,0.015847319808745267,0.05422515417815027
2025-02,Brent,-0.04590282910073318,-0.0027079989368534486,0.04319483016387973
2025-03,Brent,-0.06710426513688217,-0.004213385270827608,0.06289087986605456
2025-04,Brent,-0.04235262157022557,-0.00821849823501426,0.034134123335211305
2025-05,Brent,0.08977523096271489,-0.00412023492693264,0.09389546588964753
2025-06,Brent,-0.004035755339854119,0.018982218987516564,0.023017974327370683
2025-07,Brent,-0.033357351340588814,0.0028808422899806807,0.036238193630569494
2025-08,Brent,0.005425073534950142,-0.002220086054884716,0.007645159589834858
2025-09,Brent,-0.053658265663457105,0.004356875965535816,0.05801514162899292
2025-10,Brent,-0.004498256963651137,-0.005801316777222082,0.0013030598135709446
2025-11,Brent,-0.029557033434980173,0.002457394265857769,0.03201442770083794
2025-12,Brent,0.045027356159548226,-0.0018597235004133676,0.0468870796599616
2026-01,Brent,0.07454875551521023,0.010738961196264803,0.06380979431894543
2026-02,Brent,0.43215265921811863,0.01596570399662135,0.4161869552214973
2026-03,Brent,0.034290391465584324,0.08391252217526973,0.04962213070968541
2026-04,Brent,0.010005915801928111,0.010699794045899252,0.0006938782439711404
2026-05,Brent,-0.18638491820145375,0.006732050539505512,0.19311696874095927
2010-01,Natural_Gas,-0.08738478221579604,0.0016290295608252028,0.08901381177662124
2010-02,Natural_Gas,-0.19272678741330407,-0.00018757884277931236,0.19253920857052476
2010-03,Natural_Gas,-0.06013056757813051,-0.004038363014189808,0.056092204563940706
2010-04,Natural_Gas,0.026071555083244657,-0.00513821016250237,0.031209765245747027
2010-05,Natural_Gas,0.1603102069510962,-0.004538022369314928,0.16484822932041113
2010-06,Natural_Gas,-0.03608733088994376,-0.0014276784198732077,0.03465965247007055
2010-07,Natural_Gas,-0.06774920726973388,-0.0020695238359856255,0.06567968343374825
2010-08,Natural_Gas,-0.09729496518371372,-0.0032636998984174118,0.09403126528529632
2010-09,Natural_Gas,-0.11835187675754988,-0.004942829635654846,0.11340904712189503
2010-10,Natural_Gas,0.08159755928442647,-0.006932462041302127,0.0885300213257286
2010-11,Natural_Gas,0.14316485883529517,-0.005406082363272324,0.1485709411985675
2010-12,Natural_Gas,0.05800807537012087,-0.0028879308175338916,0.06089600618765476
2011-01,Natural_Gas,-0.08902376154098512,-0.001872997381072979,0.08715076415991214
2011-02,Natural_Gas,-0.029307982664616317,-0.0033016984328748176,0.0260062842317415
2011-03,Natural_Gas,0.06629268826619983,-0.0037211546301609707,0.0700138428963608
2011-04,Natural_Gas,0.018488849913711247,-0.0026098237905361962,0.021098673704247443
2011-05,Natural_Gas,0.0518281668656988,-0.00228015701390733,0.05410832387960613
2011-06,Natural_Gas,-0.025319942898645142,-0.0014477212619133893,0.023872221636731753
2011-07,Natural_Gas,-0.08334357411458215,-0.0018094215897426584,0.08153415252483949
2011-08,Natural_Gas,-0.04043329043329036,-0.0030263492393671283,0.03740694119392323
2011-09,Natural_Gas,-0.08385359285102212,-0.0035764513157483524,0.08027714153527377
2011-10,Natural_Gas,-0.08412613575628025,-0.0047398881495929,0.07938624760668735
2011-11,Natural_Gas,-0.030987394957983194,-0.005873977401117005,0.02511341755686619
2011-12,Natural_Gas,-0.1535280036133695,-0.00622768750755174,0.14730031610581776
2012-01,Natural_Gas,-0.06439768869034512,-0.008273525231243653,0.05612416345910147
2012-02,Natural_Gas,-0.13622463385723582,-0.009042349388217645,0.12718228446901816
2012-03,Natural_Gas,-0.0993172268907565,-0.010761028908069242,0.08855619798268727
2012-04,Natural_Gas,0.24835267362528457,-0.011941778214505074,0.26029445183978966
2012-05,Natural_Gas,0.010623531923980467,-0.008516851216613103,0.01914038314059357
2012-06,Natural_Gas,0.2015126864226222,-0.008268274812189811,0.20978096123481202
2012-07,Natural_Gas,-0.03840783782103552,-0.0055787753091794,0.03282906251185612
2012-08,Natural_Gas,0.00406873525057283,-0.005994333062494034,0.010063068313066866
2012-09,Natural_Gas,0.16374752280622928,-0.005868544708580699,0.16961606751480998
2012-10,Natural_Gas,0.06639376473670411,-0.0037745191837065015,0.0701682839204106
2012-11,Natural_Gas,-0.05686255120779771,-0.002918808404189299,0.053943742803608405
2012-12,Natural_Gas,0.00010078037388883132,-0.0035687330162809663,0.0036695133901697976
2013-01,Natural_Gas,-0.009905862216517014,-0.0035250483330646594,0.006380813883452355
2013-02,Natural_Gas,0.14484517146746745,-0.0036001167316935105,0.14844528819916095
2013-03,Natural_Gas,0.09964309001681593,-0.0018740087293776856,0.10151709874619361
2013-04,Natural_Gas,-0.02091040771258279,-0.0007071455253984485,0.02020326218718434
2013-05,Natural_Gas,-0.06586276811439551,-0.0009367280502528161,0.0649260400641427
2013-06,Natural_Gas,-0.0428156914711324,-0.0016662341183892508,0.04114945735274315
2013-07,Natural_Gas,-0.06334559342078161,-0.002123450311197508,0.0612221431095841
2013-08,Natural_Gas,0.0596205446345317,-0.002796221114599531,0.062416765749131235
2013-09,Natural_Gas,0.010925394671293276,-0.0021177780086307136,0.013043172679923989
2013-10,Natural_Gas,-0.001036551173342115,-0.0019775288400293804,0.0009409776666872652
2013-11,Natural_Gas,0.17313984919618752,-0.0019675184393199412,0.17510736763550747
2013-12,Natural_Gas,0.05710673949951994,-0.0001242829905251258,0.057231022490045066
2014-01,Natural_Gas,0.1402832453192513,0.000471873493746177,0.13981137182550513
2014-02,Natural_Gas,-0.1314492292511077,0.0019132278424627246,0.13336245709357042
2014-03,Natural_Gas,0.028837429294001682,0.0005523864435487408,0.02828504285045294
2014-04,Natural_Gas,-0.01852034282336701,0.0008380939470886695,0.019358436770455678
2014-05,Natural_Gas,0.01428619224463823,0.0006445095793841127,0.013641682665254116
2014-06,Natural_Gas,-0.12008582066006168,0.0007795757443866287,0.12086539640444831
2014-07,Natural_Gas,-0.035304483239078865,-0.00040537912232364886,0.03489910411675522
2014-08,Natural_Gas,0.007005817826530869,-0.0007442053758843791,0.007750023202415248
2014-09,Natural_Gas,-0.031851173278838574,-0.0006696859220150017,0.03118148735682357
2014-10,Natural_Gas,0.11527507720462071,-0.0009666524682704643,0.11624172967289118
2014-11,Natural_Gas,-0.17761015706323025,0.00012996762298322603,0.17774012468621347
2014-12,Natural_Gas,-0.15779568978222192,-0.0015311550376355914,0.15626453474458632
2015-01,Natural_Gas,-0.06125386996904014,-0.005353743599181109,0.055900126369859034
2015-02,Natural_Gas,-0.0036772587108158117,-0.00460294584512152,0.0009256871343057086
2015-03,Natural_Gas,-0.054617676266137005,-0.0034592688486412048,0.0511584074174958
2015-04,Natural_Gas,0.10062358276644012,-0.004883821043654432,0.10550740381009456
2015-05,Natural_Gas,-0.031138749602338978,-0.0013715179630777597,0.02976723163926122
2015-06,Natural_Gas,0.014625998443890786,-0.0036181971091000025,0.01824419555299079
2015-07,Natural_Gas,-0.02003228160169812,-0.0028727226327726193,0.0171595589689255
2015-08,Natural_Gas,-0.04165683823182531,-0.003446228993703477,0.038210609238121834
2015-09,Natural_Gas,-0.0961405926946931,-0.004032952732335355,0.09210763996235775
2015-10,Natural_Gas,-0.045640215674527806,-0.005609578508200088,0.040030637166327716
2015-11,Natural_Gas,-0.10262288817926257,-0.005329797284490531,0.09729309089477205
2015-12,Natural_Gas,0.09313949126595489,-0.007180266586944811,0.1003197578528997
2016-01,Natural_Gas,-0.1352389078498294,-0.0036478669581007147,0.13159104089172868
2016-02,Natural_Gas,-0.06105617640119232,-0.005828590786058782,0.05522758561513354
2016-03,Natural_Gas,0.11126340677791835,-0.006595596086013493,0.11785900286393185
2016-04,Natural_Gas,0.03623468729851709,-0.005325628087287696,0.041560315385804784
2016-05,Natural_Gas,0.25696864111498297,-0.004801184838336412,0.2617698259533194
2016-06,Natural_Gas,0.05687555687555679,-0.00012503973120244578,0.057000596606759234
2016-07,Natural_Gas,-0.018278341509307405,-0.0013639340458995936,0.01691440746340781
2016-08,Natural_Gas,0.06482409141728773,-0.0027569768153162047,0.06758106823260393
2016-09,Natural_Gas,0.05994011215902373,-0.000955455145359556,0.06089556730438329
2016-10,Natural_Gas,-0.06291213436284737,-0.00043436353264087574,0.062477770830206496
2016-11,Natural_Gas,0.24534259551626136,-0.002867130961486951,0.2482097264777483
2016-12,Natural_Gas,-0.07517748478701813,0.0014623224809131132,0.07663980726793125
2017-01,Natural_Gas,-0.12497601096641542,-0.0006911706894994687,0.12428484027691596
2017-02,Natural_Gas,0.031100854880159456,-0.001625643172784551,0.03272649805294401
2017-03,Natural_Gas,0.06677081819502972,-0.001381415575374521,0.06815223377040425
2017-04,Natural_Gas,0.01383430171174771,-0.0008765842141122674,0.014710885925859977
2017-05,Natural_Gas,-0.07479660892721873,-0.00076841593524565,0.07402819299197308
2017-06,Natural_Gas,-0.013144765953754911,-0.001308767708909687,0.011835998244845224
2017-07,Natural_Gas,-0.017050710621478338,-0.0013945358121332033,0.015656174809345134
2017-08,Natural_Gas,0.03620445033830255,-0.001507170163279571,0.037711620501582124
2017-09,Natural_Gas,-0.03231236242788704,-0.0012378014454111272,0.031074560982475914
2017-10,Natural_Gas,0.048704339681548525,-0.0014581884027336516,0.050162528084282176
2017-11,Natural_Gas,-0.09304072924197959,-0.0011049311627034954,0.0919357980792761
2017-12,Natural_Gas,0.138007595239519,-0.001747838841579552,0.13975543408109856
2018-01,Natural_Gas,-0.15665609049524087,-0.0007773149937941454,0.15587877550144674
2018-02,Natural_Gas,0.016143375059853637,-0.0018523410317351572,0.017995716091588794
2018-03,Natural_Gas,0.008478787004535748,-0.0017290827023407134,0.010207869706876462
2018-04,Natural_Gas,0.040422620857403446,-0.0016596414118177443,0.04208226226922119
2018-05,Natural_Gas,0.037938894489983666,-0.0013753018018905741,0.03931419629187424
2018-06,Natural_Gas,-0.05039957614022683,-0.0011114481355021565,0.04928812800472467
2018-07,Natural_Gas,0.04119998584922335,-0.0014400356555336544,0.04264002150475701
2018-08,Natural_Gas,-0.003700104649424274,-0.0011576514071577801,0.002542453242266494
2018-09,Natural_Gas,0.10695126983531522,-0.0011743780732253227,0.10812564790854054
2018-10,Natural_Gas,0.28084833696871114,-0.0004676744921237506,0.2813160114608349
2018-11,Natural_Gas,-0.0496317137166884,0.0013590528550245279,0.05099076657171293
2018-12,Natural_Gas,-0.2037735248731286,0.0010300801674650898,0.2048036050405937
2019-01,Natural_Gas,-0.13806293706293704,-0.0002827634545899981,0.13778017360834705
2019-02,Natural_Gas,0.04621508987995249,-0.0011603441782100429,0.04737543405816253
2019-03,Natural_Gas,-0.0735055669657333,-0.0008604996588545839,0.07264506730687871
2019-04,Natural_Gas,-0.00213054130967405,-0.0013173868746211167,0.0008131544350529333
2019-05,Natural_Gas,-0.10098976681764815,-0.0013224690898401975,0.09966729772780795
2019-06,Natural_Gas,-0.011942526590781988,-0.0019415206285222344,0.010001005962259753
2019-07,Natural_Gas,-0.055833118722636965,-0.0020032552332275417,0.05382986348940942
2019-08,Natural_Gas,0.15343251478759634,-0.002333499794512262,0.1557660145821086
2019-09,Natural_Gas,-0.06631983153722287,-0.0013837070226701365,0.06493612451455273
2019-10,Natural_Gas,0.12147986980825021,-0.0017772592924553045,0.1232571291007055
2019-11,Natural_Gas,-0.13046847946176787,-0.00103474646654744,0.12943373299522043
2019-12,Natural_Gas,-0.10899866673592717,-0.0018097987599319935,0.10718886797599518
2020-01,Natural_Gas,-0.09288157332193259,-0.0024478277359795838,0.090433745585953
2020-02,Natural_Gas,-0.060606060606060774,-0.0029829386566065244,0.05762312194945425
2020-03,Natural_Gas,0.017571466037241246,-0.0033218981974856674,0.020893364234726913
2020-04,Natural_Gas,0.025748649975454008,-0.003199714780908317,0.028948364756362324
2020-05,Natural_Gas,-0.06053028308885089,-0.0030314103346503964,0.05749887275420049
2020-06,Natural_Gas,0.03838505994395125,-0.0033637737609752546,0.041748833704926505
2020-07,Natural_Gas,0.3262121798707165,-0.0031238379350848723,0.32933601780580135
2020-08,Natural_Gas,-0.023702950152593938,-0.001241917833337436,0.022461032319256502
2020-09,Natural_Gas,0.23811418340958812,-0.0013695373351513935,0.2394837207447395
2020-10,Natural_Gas,0.014628473497367844,-1.6521963712187302e-05,0.014644995461080031
2020-11,Natural_Gas,-0.09952828827789151,6.575329168713872e-05,0.09959404156957864
2020-12,Natural_Gas,0.02486282990908739,-0.0004906380019976582,0.02535346791108505
2021-01,Natural_Gas,0.10115045838576298,-0.0003497854024916301,0.1015002437882546
2021-02,Natural_Gas,-0.10107167876466305,0.00021098942506778758,0.10128266818973083
2021-03,Natural_Gas,0.023439501967109644,-0.0003455087517988654,0.023785010718908508
2021-04,Natural_Gas,0.10351335656213667,-0.00021553601562996643,0.10372889257776664
2021-05,Natural_Gas,0.10511774766478132,0.0003482079657709392,0.10476953969901039
2021-06,Natural_Gas,0.16402777777777788,0.0009145298019818061,0.16311324797579607
2021-07,Natural_Gas,0.05846557690013121,0.0017914827480882366,0.05667409415204298
2021-08,Natural_Gas,0.2640063127043175,0.002094552770291675,0.2619117599340258
2021-09,Natural_Gas,0.09311895631346268,0.0034877004295152166,0.08963125588394746
2021-10,Natural_Gas,-0.08118881118881116,0.003961939878636632,0.0851507510674478
2021-11,Natural_Gas,-0.24629959926802725,0.0035137780309132225,0.24981337729894046
2021-12,Natural_Gas,0.0972128314927505,0.002205854589557513,0.095006976903193
2022-01,Natural_Gas,0.057086614173228245,0.002700682594261643,0.0543859315789666
2022-02,Natural_Gas,0.11090599951420943,0.0029824749858625064,0.10792352452834693
2022-03,Natural_Gas,0.35673888236421036,0.0035387818133282125,0.35320010055088213
2022-04,Natural_Gas,0.2098277322790172,0.005350064380255814,0.20447766789876137
2022-05,Natural_Gas,-0.07219251336898391,0.006393317787902556,0.07858583115688647
2022-06,Natural_Gas,-0.06100475733040578,0.0059944049393904405,0.06699916226979621
2022-07,Natural_Gas,0.23467892954186054,0.005656025331967228,0.2290229042098933
2022-08,Natural_Gas,-0.10736576183871616,0.006806894197343577,0.11417265603605974
2022-09,Natural_Gas,-0.2222323517792567,0.006236030917163276,0.22846838269641997
2022-10,Natural_Gas,0.06307586295083345,0.005099372296783077,0.057976490654050375
2022-11,Natural_Gas,-0.11289643558798756,0.005386384626753622,0.11828282021474118
2022-12,Natural_Gas,-0.39595032824487864,0.0048037106355480015,0.40075403888042666
2023-01,Natural_Gas,-0.29768233599580984,0.0028392300528008118,0.30052156604861063
2023-02,Natural_Gas,-0.011841495167100646,-0.002443419622713865,0.009398075544386781
2023-03,Natural_Gas,-0.08867532936293088,0.0011735079897003508,0.08984883735263123
2023-04,Natural_Gas,0.054528531680413606,-0.00016234905556258969,0.054690880735976194
2023-05,Natural_Gas,0.07078104993597933,0.001676715393146514,0.06910433454283282
2023-06,Natural_Gas,0.06644315225173325,0.002225282964211538,0.06421786928752171
2023-07,Natural_Gas,0.0016836862548550435,0.002551538622740067,0.0008678523678850233
2023-08,Natural_Gas,0.019716834361392044,0.0017915467683458036,0.01792528759304624
2023-09,Natural_Gas,0.17252047899200074,0.002074243824003962,0.17044623516799678
2023-10,Natural_Gas,-0.03502727533735284,0.004679615707816874,0.03970689104516971
2023-11,Natural_Gas,-0.1704141341154134,0.0021639471896188543,0.17257808130503224
2023-12,Natural_Gas,0.07325061872595562,-0.00010610236812874153,0.07335672109408437
2024-01,Natural_Gas,-0.3407916466890418,0.002444174388666597,0.34323582107770845
2024-02,Natural_Gas,-0.0257567711099308,0.0004317744991062036,0.026188545609037002
2024-03,Natural_Gas,0.022708689511633295,0.0003116435559454834,0.02239704595568781
2024-04,Natural_Gas,0.3538761018880028,0.0004139131721815008,0.3534621887158213
2024-05,Natural_Gas,0.16550143781452187,0.002020559484526143,0.16348087832999572
2024-06,Natural_Gas,-0.21432261347602488,0.005037529675299754,0.21936014315132463
2024-07,Natural_Gas,-0.05426889106967614,0.0017824410402443624,0.0560513321099205
2024-08,Natural_Gas,0.14603932265030095,0.0012336594017684803,0.14480566324853247
2024-09,Natural_Gas,0.07240053119017631,0.002176215814798541,0.07022431537537777
2024-10,Natural_Gas,0.16218780656470622,0.0024883238831335534,0.15969948268157266
2024-11,Natural_Gas,0.15323187315548892,0.0044632538180665,0.14876861933742241
2024-12,Natural_Gas,0.08100059559261474,0.005911292952588304,0.07508930264002645
2025-01,Natural_Gas,0.004172494172494101,0.01830104123269706,0.014128547060202959
2025-02,Natural_Gas,0.10390766023440867,0.0069231784692271765,0.0969844817651815
2025-03,Natural_Gas,-0.17691888949373968,0.020556771710288906,0.1974756612040286
2025-04,Natural_Gas,0.01575854700854684,-0.01849525322122995,0.034253800229776796
2025-05,Natural_Gas,0.06359640885015594,0.001970109703915288,0.061626299146240654
2025-06,Natural_Gas,-0.09984459984459981,0.008616479506508342,0.10846107935110816
2025-07,Natural_Gas,-0.12573730398503813,-0.005234735602325478,0.12050256838271266
2025-08,Natural_Gas,0.041879216718775814,-0.010330850969962342,0.052210067688738156
2025-09,Natural_Gas,0.11226476314081757,0.008510372394221947,0.10375439074659562
2025-10,Natural_Gas,0.331006093608194,0.013812742905947972,0.317193350702246
2025-11,Natural_Gas,-0.007199812621566992,0.03920497363882812,0.04640478626039511
2025-12,Natural_Gas,-0.06472458713714191,-0.0013966076499910543,0.06332797948715085
2026-01,Natural_Gas,-0.24056810704101794,-0.011760735266485446,0.2288073717745325
2026-02,Natural_Gas,-0.03545382338074943,-0.02662693159779827,0.008826891782951159
2026-03,Natural_Gas,-0.11633478065578673,-0.0014063737434542936,0.11492840691233244
2026-04,Natural_Gas,0.0951896854980554,-0.010024664236064403,0.1052143497341198
2026-05,Natural_Gas,0.0911522027405336,0.01545194622450189,0.07570025651603171
2010-01,Gold,-0.020572450805008913,0.016186113833168373,0.03675856463817728
2010-02,Gold,0.016438356164383494,0.015435939044634145,0.0010024171197493496
2010-03,Gold,0.032345013477088846,0.01545598738702913,0.016889026090059718
2010-04,Gold,0.048738033072236675,0.01578714476134403,0.03295088831089264
2010-05,Gold,0.023236514522821494,0.016420815690399656,0.006815698832421838
2010-06,Gold,-0.032441200324412,0.016549413781577427,0.04899061410598943
2010-07,Gold,0.019279128248113953,0.015642180187022067,0.003636948061091886
2010-08,Gold,0.04523026315789469,0.015708306515405553,0.029521956642489137
2010-09,Gold,0.0558615263571991,0.01623548431259286,0.039626042044606236
2010-10,Gold,0.02086438152011927,0.01693067803267367,0.003933703487445598
2010-11,Gold,0.01532846715328473,0.016998500506595147,0.001670033353310417
2010-12,Gold,-0.022286125089863384,0.016970194856539042,0.039256319946402427
2011-01,Gold,0.011029411764705843,0.016315922857432334,0.00528651109272649
2011-02,Gold,0.034909090909091,0.016229258741158128,0.018679832167932873
2011-03,Gold,0.04075895994378076,0.01653054635676995,0.02422841358701081
2011-04,Gold,0.02160702228224176,0.016915124350214566,0.004691897932027195
2011-05,Gold,0.010575016523463265,0.016988435255402487,0.006413418731939222
2011-06,Gold,0.02877697841726623,0.016889767274911115,0.011887211142355116
2011-07,Gold,0.11824539097266373,0.017069876534643768,0.10117551443801996
2011-08,Gold,0.007390562819783897,0.018579958839688843,0.011189396019904947
2011-09,Gold,-0.05981941309255079,0.018415408898219653,0.07823482199077045
2011-10,Gold,0.043817527010804325,0.017281570898353416,0.02653595611245091
2011-11,Gold,-0.05692926969522716,0.01766065598567414,0.0745899256809013
2011-12,Gold,0.008536585365853666,0.016610093652140324,0.008073508286286658
2012-01,Gold,0.05501813784764198,0.01649796159260856,0.038520176255033414
2012-02,Gold,-0.03954154727793702,0.017025635239937786,0.056567182517874806
2012-03,Gold,-0.01610978520286399,0.0162612138545611,0.03237099905742509
2012-04,Gold,-0.03638568829593691,0.01582960053379543,0.052215288829732344
2012-05,Gold,0.006293266205160464,0.015142557259720007,0.008849291054559543
2012-06,Gold,-0.0031269543464665928,0.015027631401868583,0.018154585748335176
2012-07,Gold,0.02258469259723972,0.014794880302530952,0.007789812294708768
2012-08,Gold,0.07055214723926384,0.014893485521451316,0.05565866171781252
2012-09,Gold,0.0011461318051575464,0.015589218792923975,0.014443086987766428
2012-10,Gold,-0.014310246136233551,0.015410909077025624,0.029721155213259173
2012-11,Gold,-0.021486643437862996,0.015048455964668807,0.0365350994025318
2012-12,Gold,-0.00771513353115727,0.014608274044156377,0.022323407575313647
2013-01,Gold,-0.02631578947368418,0.014342519192069308,0.04065830866575349
2013-02,Gold,-0.02149877149877155,0.013864186148942798,0.03536295764771435
2013-03,Gold,-0.06591337099811678,0.01345298896699263,0.0793663599651094
2013-04,Gold,-0.04973118279569888,0.01254073195589942,0.0622719147515983
2013-05,Gold,-0.050212164073550225,0.011833096560994889,0.062045260634545116
2013-06,Gold,-0.04244229337304539,0.011135958801056181,0.05357825217410157
2013-07,Gold,0.051321928460342114,0.010540644888010608,0.0407812835723315
2013-08,Gold,-0.002218934911242587,0.010988790861332932,0.01320772577257552
2013-09,Gold,-0.023721275018532273,0.010845228624674502,0.03456650364320678
2013-10,Gold,-0.031131359149582427,0.01047354578980131,0.041604904939383736
2013-11,Gold,-0.042319749216300995,0.01003094041810574,0.052350689634406734
2013-12,Gold,0.018003273322422242,0.009479880527217247,0.008523392795204995
2014-01,Gold,0.045016077170418,0.009568665868833965,0.035447411301584034
2014-02,Gold,0.027692307692307683,0.009934103098747203,0.017758204593560478
2014-03,Gold,-0.02844311377245512,0.010115309268069249,0.03855842304052437
2014-04,Gold,-0.006933744221879867,0.009725830247457892,0.01665957446933776
2014-05,Gold,-0.007757951900698168,0.009559234502764514,0.01731718640346268
2014-06,Gold,0.02501954652071925,0.009387777211641121,0.015631769309078128
2014-07,Gold,-0.012204424103737566,0.009541029851926201,0.021745453955663768
2014-08,Gold,-0.04478764478764474,0.009329908939735291,0.05411755372738003
2014-09,Gold,-0.01212611156022636,0.008809547846202791,0.02093565940642915
2014-10,Gold,-0.038461538461538436,0.008610160613760609,0.047071699075299046
2014-11,Gold,0.02212765957446816,0.008166087980974767,0.013961571593493394
2014-12,Gold,0.04163197335553703,0.008296569958484053,0.03333540339705298
2015-01,Gold,-0.01918465227817745,0.008605231101049358,0.027789883379226808
2015-02,Gold,-0.03911980440097795,0.00835027804252434,0.047470082443502294
2015-03,Gold,0.016963528413910023,0.007918731838492501,0.009044796575417522
2015-04,Gold,0.0,0.008000216492325091,0.008000216492325091
2015-05,Gold,-0.014178482068390341,0.007928785987929333,0.022107268056319674
2015-06,Gold,-0.045685279187817285,0.007733146447607919,0.053418425635425204
2015-07,Gold,-0.00886524822695034,0.007264563766595417,0.016129811993545757
2015-08,Gold,0.0062611806797854275,0.007124304531868932,0.0008631238520835048
2015-09,Gold,0.03022222222222215,0.0071168638090061435,0.023105358413216006
2015-10,Gold,-0.06298533218291635,0.007314345504845597,0.07029967768776195
2015-11,Gold,-0.009208103130755041,0.0067185855244408345,0.015926688655195875
2015-12,Gold,0.020446096654274992,0.006584747804649273,0.01386134884962572
2016-01,Gold,0.09289617486338808,0.00670025904506282,0.08619591581832527
2016-02,Gold,0.03750000000000009,0.007412621985710136,0.030087378014289953
2016-03,Gold,-0.002409638554216831,0.007659239838286283,0.010068878392503113
2016-04,Gold,0.015297906602254496,0.007577379038347234,0.0077205275639072625
2016-05,Gold,0.011895321173671647,0.007639641357411002,0.004255679816260645
2016-06,Gold,0.04780564263322895,0.007673686795941087,0.04013195583728786
2016-07,Gold,0.002243829468960401,0.007992194381951308,0.005748364912990907
2016-08,Gold,-0.00970149253731345,0.007946931666100986,0.017648424203414434
2016-09,Gold,-0.045214770158251705,0.007809053352011811,0.05302382351026352
2016-10,Gold,-0.022888713496448276,0.0073980159604593795,0.030286729456907656
2016-11,Gold,-0.06542810985460423,0.007165041118483167,0.0725931509730874
2016-12,Gold,0.030250648228176358,0.00610764461462463,0.024143003613551726
2017-01,Gold,0.03523489932885915,0.006789983968002908,0.028444915360856242
2017-02,Gold,-0.002431118314424663,0.007003855512069496,0.009434973826494159
2017-03,Gold,0.02924451665312744,0.006933445259632973,0.022311071393494468
2017-04,Gold,-0.016574585635359074,0.007098712455140339,0.023673298090499412
2017-05,Gold,0.011235955056179803,0.006924644086827843,0.0043113109693519594
2017-06,Gold,-0.0182539682539683,0.006956113509961799,0.0252100817639301
2017-07,Gold,0.037186742118027416,0.006773431758049262,0.030413310359978154
2017-08,Gold,0.024162120031177015,0.006992232552005939,0.017169887479171076
2017-09,Gold,-0.025875190258751957,0.00711487460542859,0.032990064864180546
2017-10,Gold,0.0015624999999999112,0.006880902514193267,0.005318402514193356
2017-11,Gold,-0.01404056162246492,0.00684344897536092,0.02088401059782584
2017-12,Gold,0.053006329113924,0.006697406943208291,0.04630892217071571
2018-01,Gold,0.0,0.007018996680504928,0.007018996680504928
2018-02,Gold,-0.004507888805409421,0.006970589806846274,0.011478478612255694
2018-03,Gold,0.007547169811320753,0.006891970090323975,0.0006551997209967783
2018-04,Gold,-0.02397003745318349,0.006896427231283137,0.030866464684466625
2018-05,Gold,-0.016116653875671516,0.006687870037469172,0.022804523913140688
2018-06,Gold,-0.03432137285491421,0.0065348195414078256,0.04085619239632204
2018-07,Gold,-0.029079159935379684,0.006262444925432345,0.03534160486081203
2018-08,Gold,-0.0033277870216306127,0.006028394562115709,0.009356181583746322
2018-09,Gold,0.014190317195325486,0.005966840735906852,0.008223476459418634
2018-10,Gold,0.004938271604938205,0.006020588948059915,0.00108231734312171
2018-11,Gold,0.02375102375102367,0.006013560913364319,0.01773746283765935
2018-12,Gold,0.033600000000000074,0.00612799615747825,0.027472003842521825
2019-01,Gold,0.021671826625387025,0.006304098746212365,0.015367727879174661
2019-02,Gold,-0.014393939393939403,0.006401982363277171,0.020795921757216576
2019-03,Gold,-0.01152959262106068,0.006270362605320105,0.017799955226380785
2019-04,Gold,-0.0015552099533436836,0.006158413201380603,0.0077136231547242865
2019-05,Gold,0.05841121495327095,0.006110203056663577,0.05230101189660737
2019-06,Gold,0.039735099337748325,0.006435054062232568,0.033300045275515756
2019-07,Gold,0.06157112526539277,0.006640609897266615,0.054930515368126154
2019-08,Gold,0.007333333333333414,0.006977606924064936,0.00035572640926847827
2019-09,Gold,-0.010589013898080757,0.006979775987536085,0.01756878988561684
2019-10,Gold,-0.016053511705685586,0.006873298473077801,0.022926810178763385
2019-11,Gold,0.005438477226376692,0.0067351851587479,0.0012967079323712074
2019-12,Gold,0.05544286680189314,0.00672742044058999,0.04871544636130315
2020-01,Gold,0.023062139654068003,0.007017393335597747,0.016044746318470256
2020-02,Gold,-0.003130870381966133,0.007112332662925972,0.010243203044892105
2020-03,Gold,0.0571608040201006,0.007052078527367783,0.05010872549273281
2020-04,Gold,0.019607843137254832,0.0073451120097814265,0.012262731127473406
2020-05,Gold,0.00932400932400923,0.007416406958196969,0.0019076023658122611
2020-06,Gold,0.06639722863741349,0.00742743356146756,0.05896979507594593
2020-07,Gold,0.06605305901461822,0.007766340429720123,0.058286718584898096
2020-08,Gold,-0.023869984763839502,0.008099407393062398,0.0319693921569019
2020-09,Gold,-0.01144640998959412,0.007917763119443637,0.019364173109037756
2020-10,Gold,-0.017894736842105297,0.007808361011482971,0.025703097853588267
2020-11,Gold,-0.004287245444801746,0.007663961585339218,0.011951207030140965
2020-12,Gold,0.004843918191603791,0.007597195065617758,0.002753276874013967
2021-01,Gold,-0.03160149973219073,0.007581899082984347,0.039183398815175075
2021-02,Gold,-0.0497787610619469,0.0073654162166021655,0.05714417727854906
2021-03,Gold,0.024447031431897637,0.007051437220566181,0.017395594211331456
2021-04,Gold,0.051136363636363535,0.007146495112431381,0.043989868523932156
2021-05,Gold,-0.008108108108108136,0.007385570484844055,0.015493678592952191
2021-06,Gold,-0.014713896457765663,0.007301820870828098,0.02201571732859376
2021-07,Gold,-0.012721238938053103,0.007183456799168992,0.019904695737222096
2021-08,Gold,-0.0056022408963585235,0.0070770145759752896,0.012679255472333813
2021-09,Gold,0.0011267605633802358,0.007009571727718195,0.005882811164337959
2021-10,Gold,0.025323579065841262,0.006978445742721699,0.018345133323119562
2021-11,Gold,-0.01756311745334793,0.007074999076001276,0.02463811652934921
2021-12,Gold,0.01452513966480451,0.006946003701502065,0.007579135963302445
2022-01,Gold,0.022026431718061623,0.006985478367977599,0.015040953350084024
2022-02,Gold,0.049568965517241326,0.007063410768755236,0.042505554748486093
2022-03,Gold,-0.0056468172484599455,0.007282511566427843,0.01292932881488779
2022-04,Gold,-0.04543107898812593,0.007216207316095086,0.05264728630422101
2022-05,Gold,-0.006489994591671211,0.0069475987125021225,0.013437593304173334
2022-06,Gold,-0.056614044637996686,0.006879387578978399,0.06349343221697508
2022-07,Gold,0.018465089440276916,0.006558713678892667,0.01190637576138425
2022-08,Gold,-0.04759206798866855,0.006618544712869471,0.05421061270153802
2022-09,Gold,-0.010113027959547938,0.006347491649361782,0.01646051960890972
2022-10,Gold,0.036658653846153744,0.006265598516979147,0.030393055329174596
2022-11,Gold,0.04231884057971014,0.006416059186925556,0.035902781392784584
2022-12,Gold,0.05561735261401557,0.006592920179008238,0.04902443243500733
2023-01,Gold,-0.02265542676501575,0.006833236024277882,0.029488662789293633
2023-02,Gold,0.03126684636118604,0.006689388888720352,0.02457745747246569
2023-03,Gold,0.045478306325143825,0.0068086969347031946,0.03866960939044063
2023-04,Gold,-0.0040000000000000036,0.006995506641903391,0.010995506641903394
2023-05,Gold,-0.02459839357429716,0.006942643629201933,0.031541037203499094
2023-06,Gold,0.004117344312918103,0.0067917295755966734,0.0026743852626785703
2023-07,Gold,-0.016401845207585808,0.006778994407679156,0.023180839615264966
2023-08,Gold,-0.0015633142261594069,0.0066691326085546775,0.008232446834714083
2023-09,Gold,0.0,0.006630300312164518,0.006630300312164518
2023-10,Gold,0.035490605427974886,0.006599172141684872,0.028891433286290014
2023-11,Gold,0.021169354838709742,0.006734178839284358,0.014435175999425384
2023-12,Gold,0.003948667324777944,0.006801319192770057,0.0028526518679921134
2024-01,Gold,-0.005408062930186808,0.006788112471158982,0.01219617540134579
2024-02,Gold,0.06673257538309452,0.006731908897880891,0.06000066648521363
2024-03,Gold,0.08016682113067652,0.007007141312950678,0.07315967981772585
2024-04,Gold,0.008580008580008514,0.007341203777871801,0.0012388048021367126
2024-05,Gold,-0.01063377286261169,0.007346834708790604,0.017980607571402296
2024-06,Gold,0.03095442820292349,0.007265474493535391,0.0236889537093881
2024-07,Gold,0.030025020850708906,0.007372181492226328,0.022652839358482578
2024-08,Gold,0.04089068825910935,0.007473763731502035,0.03341692452760732
2024-09,Gold,0.04628549202644883,0.0076229464302859954,0.038662545596162834
2024-10,Gold,-0.014498141263940556,0.0077947799662689415,0.022292921230209498
2024-11,Gold,-0.0011316484345530453,0.007696138721887483,0.008827787156440527
2024-12,Gold,0.023413897280966767,0.0076572497916829,0.015756647489283866
2025-01,Gold,0.06826568265682664,0.0077263578947060745,0.06053932476212057
2025-02,Gold,0.030397236614853274,0.007990721758296121,0.022406514856557154
2025-03,Gold,0.07877975192758968,0.00808814138810724,0.07069161053948245
2025-04,Gold,0.02827843380981987,0.008394165676156947,0.019884268133662925
2025-05,Gold,0.013297068600785833,0.008479873728457217,0.004817194872328616
2025-06,Gold,-0.003877124962719969,0.008500548384561633,0.012377673347281602
2025-07,Gold,0.008383233532934131,0.008447652344615983,6.441881168185205e-05
2025-08,Gold,0.0890736342042755,0.008447378222013082,0.08062625598226242
2025-09,Gold,0.10632497273718644,0.008789014899904026,0.09753595783728242
2025-10,Gold,0.007146377525874881,0.009200559025799731,0.00205418149992485
2025-11,Gold,0.05431857107903104,0.009191928011094166,0.04512664306793687
2025-12,Gold,0.10304014852634014,0.009380742417236161,0.09365940610910398
2026-01,Gold,0.056175047338522965,0.014587229703196999,0.041587817635325965
2026-02,Gold,-0.03266932270916334,0.012909098406245668,0.04557842111540901
2026-03,Gold,-0.027800658978583193,0.007468573360974335,0.035269232339557526
2026-04,Gold,-0.028383816987926247,0.007455023697777367,0.035838840685703616
2026-05,Gold,-0.07826466099847396,0.0071554555295356235,0.08542011652800958
2026-06,Gold,-0.036660359508041584,0.0030635639096447797,0.039723923417686366
2010-01,Copper,-0.0678260574492271,0.030867966834579603,0.09869402428380669
2010-02,Copper,0.0872580287518987,-0.01738101911968052,0.10463904787157921
2010-03,Copper,0.035208921069410204,0.041131636627767684,0.00592271555835748
2010-04,Copper,-0.11470869927901561,0.022493240965989196,0.13720194024500482
2010-05,Copper,-0.049926934317797156,-0.032325774635088796,0.01760115968270836
2010-06,Copper,0.03830934120098162,-0.010282993923135324,0.04859233512411694
2010-07,Copper,0.08178548382571615,0.021242876069070334,0.06054260775664582
2010-08,Copper,0.05846141716599984,0.03736708032119872,0.021094336844801123
2010-09,Copper,0.07247097579409645,0.02976226758068559,0.042708708213410856
2010-10,Copper,0.020345403368782877,0.0354788218738573,0.015133418505074422
2010-11,Copper,0.0821000436243986,0.017071864427753894,0.0650281791966447
2010-12,Copper,0.041554549711253275,0.03949452704853562,0.0020600226627176532
2011-01,Copper,0.03647647169890478,0.024595870746150605,0.011880600952754172
2011-02,Copper,-0.03821285220636461,0.023222643398622077,0.06143549560498669
2011-03,Copper,-0.0021685696933235743,-0.0005526217898785095,0.0016159479034450648
2011-04,Copper,-0.058113416466742285,0.010412683324103585,0.06852609979084587
2011-05,Copper,0.015134593760663284,-0.007718438165704682,0.022853031926367964
2011-06,Copper,0.0643676543338525,0.014943958726659079,0.04942369560719342
2011-07,Copper,-0.0676108040020954,0.03046695999123579,0.0980777639933312
2011-08,Copper,-0.07755647411100708,-0.00994685164367642,0.06760962246733065
2011-09,Copper,-0.10914831368493139,-0.014449202413338927,0.09469911127159246
2011-10,Copper,0.02526743822516564,-0.02655481663507938,0.05182225486024502
2011-11,Copper,-0.00292146957864281,0.015615630118605523,0.018537099697248333
2011-12,Copper,0.06654980624321305,0.006958679370095258,0.059591126873117795
2012-01,Copper,0.04708203325157512,0.03277991301786247,0.014302120233712648
2012-02,Copper,0.0034704776385958702,0.025786723604037345,0.022316245965441475
2012-03,Copper,-0.02187020388330263,0.008988209697451965,0.030858413580754595
2012-04,Copper,-0.04690314291076558,-0.0010040257868742224,0.04589911712389136
2012-05,Copper,-0.05934215676413879,-0.011470388600680075,0.047871768163458714
2012-06,Copper,0.020997012906498247,-0.017699028509667036,0.03869604141616528
2012-07,Copper,-0.009734572941872854,0.014051552040954146,0.023786124982827
2012-08,Copper,0.07686784139636083,0.002212267334889174,0.07465557406147165
2012-09,Copper,-0.0031788711503053513,0.03568050717103642,0.03885937832134177
2012-10,Copper,-0.04351326185284876,0.005468187024350883,0.04898144887719964
2012-11,Copper,0.03310232734039387,-0.009814532143895433,0.0429168594842893
2012-12,Copper,0.010952355283789794,0.018412311577632255,0.007459956293842461
2013-01,Copper,0.0008923015708401927,0.01054804003178359,0.009655738460943397
2013-02,Copper,-0.05068276903705227,0.007233470377179907,0.05791623941423217
2013-03,Copper,-0.0563502305151139,-0.009864201203927246,0.04648602931118665
2013-04,Copper,0.00381550522142593,-0.012416817548890412,0.016232322770316342
2013-05,Copper,-0.03427873908673462,0.007131909551531208,0.04141064863826583
2013-06,Copper,-0.013370431453529119,-0.005482255893703828,0.007888175559825291
2013-07,Copper,0.04048403316908278,0.0011037148317390843,0.03938031833734369
2013-08,Copper,-0.003754524596410014,0.018642960964696746,0.02239748556110676
2013-09,Copper,0.006111335000873908,0.004400966407953816,0.0017103685929200918
2013-10,Copper,-0.018376589995083403,0.007531101869143882,0.025907691864227284
2013-11,Copper,0.02040054888161147,-0.00043711008194370453,0.020837658963555175
2013-12,Copper,0.010612192697183609,0.011948578390349556,0.0013363856931659472
2014-01,Copper,-0.01950957610780979,0.008794253081117644,0.028303829188927432
2014-02,Copper,-0.06982262531912231,0.00020770469191253547,0.07003033001103484
2014-03,Copper,0.003537843513192751,-0.014507892392252253,0.018045735905445004
2014-04,Copper,0.03260065369883036,0.006023850232231996,0.026576803466598367
2014-05,Copper,-0.010155401746034687,0.014241898187756952,0.02439729993379164
2014-06,Copper,0.04284290532542223,0.002330060429675581,0.04051284489574665
2014-07,Copper,-0.015680721114983975,0.017096661531555386,0.03277738264653936
2014-08,Copper,-0.018512510595838694,0.000990823074488798,0.019503333670327493
2014-09,Copper,-0.019606143055416303,4.3256276018209354e-05,0.019649399331434513
2014-10,Copper,-0.0036554122946269585,-0.0004388173841024575,0.003216594910524501
2014-11,Copper,-0.03968472691146374,0.003819154066289541,0.04350388097775328
2014-12,Copper,-0.09554350676451795,-0.006246483987304273,0.08929702277721367
2015-01,Copper,-0.01736730881136872,-0.026241051518515718,0.008873742707146998
2015-02,Copper,0.03672287585173617,-0.0019330578934263903,0.03865593374516256
2015-03,Copper,0.017242883462695868,0.01494808867960576,0.0022947947830901077
2015-04,Copper,0.0418214426370811,0.00902464060589011,0.03279680203119099
2015-05,Copper,-0.07335684843873547,0.016798889965744312,0.09015573840447978
2015-06,Copper,-0.0645055084209194,-0.018658179650949066,0.04584732876997033
2015-07,Copper,-0.06037476519906537,-0.01668670225593042,0.04368806294313495
2015-08,Copper,0.017543346400639592,-0.016024948308379923,0.033568294709019515
2015-09,Copper,-0.00022216510788075627,0.00810066486567643,0.008322829973557187
2015-10,Copper,-0.07978889832245695,0.0026526446281186517,0.0824415429505756
2015-11,Copper,-0.03355721343677465,-0.022091123870582874,0.011466089566191773
2015-12,Copper,-0.036010311500736414,-0.008226162261415714,0.0277841492393207
2016-01,Copper,0.028362606143303326,-0.009230497858526854,0.03759310400183018
2016-02,Copper,0.07723591968603416,0.01053685714504937,0.06669906254098479
2016-03,Copper,-0.016363107668719734,0.025907199308805494,0.04227030697752523
2016-04,Copper,-0.03657093645403231,-0.002643069725778088,0.03392786672825422
2016-05,Copper,-0.011198460105833918,-0.008943576977403963,0.002254883128429955
2016-06,Copper,0.04802681820158261,-0.001397615206595159,0.04942443340817777
2016-07,Copper,-0.023275750071409917,0.01654422373332469,0.03981997380473461
2016-08,Copper,-0.006201168488593867,-0.004794632501480943,0.001406535987112924
2016-09,Copper,0.001918036209608509,0.00020239013567271372,0.0017156460739357953
2016-10,Copper,0.1521095064924609,0.0025918767554388837,0.14951762973702204
2016-11,Copper,0.038418785778912,0.04750735380910581,0.009088568030193811
2016-12,Copper,0.016643762984536847,0.01418042106771189,0.002463341916824957
2017-01,Copper,0.032383534381639434,0.006963966282771483,0.025419568098867952
2017-02,Copper,-0.01957309844529631,0.010397224923938984,0.029970323369235295
2017-03,Copper,-0.02416078729466775,-0.0004976604181806425,0.023663126876487108
2017-04,Copper,-0.014838968445767486,-0.001608600698908707,0.01323036774685878
2017-05,Copper,0.02146630271822958,0.00020561323586062042,0.02126068948236896
2017-06,Copper,0.046393138998718886,0.007745134254355065,0.03864800474436382
2017-07,Copper,0.08362506215813026,0.01308143143268648,0.07054363072544378
2017-08,Copper,0.014114548199543941,0.021354167347930164,0.007239619148386223
2017-09,Copper,0.03503569511602356,0.006997601353108599,0.02803809376291496
2017-10,Copper,0.002782651080259546,0.011438496086077025,0.008655845005817479
2017-11,Copper,0.0010765741392311234,0.004835569694215973,0.00375899555498485
2017-12,Copper,0.033942216673994885,0.0044680758917608025,0.029474140782234082
2018-01,Copper,-0.008396336413126648,0.011258776903255946,0.019655113316382596
2018-02,Copper,-0.029593333153229207,0.002664795855864386,0.03225812900909359
2018-03,Copper,0.0076970957626185665,-0.0017648523417839127,0.00946194810440248
2018-04,Copper,-0.003829620171632131,0.005704527541077458,0.009534147712709589
2018-05,Copper,0.02059746425662312,0.003371283448814123,0.017226180807808997
2018-06,Copper,-0.10265888722544658,0.008278154256206746,0.11093704148165333
2018-07,Copper,-0.03194889340551854,-0.0162973043350427,0.01565158907047584
2018-08,Copper,-4.67612658970884e-05,-0.002746569492788767,0.0026998082268916788
2018-09,Copper,0.02790135235381319,0.0034306261372015236,0.024470726216611668
2018-10,Copper,-0.00380515653880642,0.008937290465634944,0.012742447004441364
2018-11,Copper,-0.01946517324690522,0.0028021953127929772,0.022267368559698197
2018-12,Copper,-0.022420812590914108,-0.00030764712381003284,0.022113165467104075
2019-01,Copper,0.06084846003279498,-0.0010074928886507524,0.06185595292144573
2019-02,Copper,0.02205810037942091,0.015015709287992559,0.0070423910914283495
2019-03,Copper,-0.000171098971187722,0.007803524125402269,0.007974623096589991
2019-04,Copper,-0.06530507378160799,0.0036177892772039856,0.06892286305881198
2019-05,Copper,-0.02254601348357288,-0.00887041397534943,0.01367559950822345
2019-06,Copper,0.010025228918294049,-0.0010356169366874815,0.01106084585498153
2019-07,Copper,-0.039008171006561065,0.005052110555739755,0.044060281562300824
2019-08,Copper,0.008724063945887428,-0.004195365998148773,0.012919429944036201
2019-09,Copper,-0.0003389632179612301,0.004609534635524161,0.004948497853485391
2019-10,Copper,0.017830336030261407,0.0029380450076832215,0.014892291022578184
2019-11,Copper,0.03704980944099989,0.006302323143375905,0.030747486297623985
2019-12,Copper,-0.007545324585835456,0.009942202317553552,0.017487526903389006
2020-01,Copper,-0.05694697128421411,0.0018319705359431493,0.058778941820157256
2020-02,Copper,-0.08880808435992826,-0.007342524999958801,0.08146555935996946
2020-03,Copper,-0.024053381091916237,-0.013953216777057595,0.010100164314858643
2020-04,Copper,0.03595399812206845,-0.0021202048174241237,0.038074202939492575
2020-05,Copper,0.09824164156067483,0.009005094841788417,0.08923654671888641
2020-06,Copper,0.10736904442721862,0.021038162403325407,0.08633088202389322
2020-07,Copper,0.021331160812120276,0.024005664388800883,0.0026745035766806077
2020-08,Copper,0.030192882816143962,0.0075021179807617695,0.022690764835382193
2020-09,Copper,0.0013290822587010975,0.009300234507827647,0.00797115224912655
2020-10,Copper,0.052890342011106206,0.003810483821970752,0.049079858189135454
2020-11,Copper,0.09949641976718304,0.013732935870983527,0.08576348389619952
2020-12,Copper,0.02572095737576352,0.023289292117925332,0.002431665257838188
2021-01,Copper,0.06256689304857943,0.00919373896823017,0.05337315408034926
2021-02,Copper,0.06106852676172392,0.01650029537016698,0.04456823139155694
2021-03,Copper,0.037445526695002895,0.01656278000724747,0.020882746687755426
2021-04,Copper,0.09023956769127128,0.012155388927040175,0.07808417876423111
2021-05,Copper,-0.052603778076258934,0.02289373140240093,0.07549750947865987
2021-06,Copper,-0.01875923225401488,-0.004750376268441698,0.014008855985573181
2021-07,Copper,-0.008537024219741562,0.0014630137164138822,0.010000037936155445
2021-08,Copper,-0.004848276856070255,0.00331287561755366,0.008161152473623916
2021-09,Copper,0.05410458092074677,0.003958068283568099,0.05014651263717867
2021-10,Copper,-0.010205744899825286,0.015061567609464855,0.02526731250929014
2021-11,Copper,-0.018267683131661494,0.0031559586420876703,0.021423641773749166
2021-12,Copper,0.024201983419849693,0.0015861389038036933,0.022615844516046
2022-01,Copper,0.016441622464978378,0.010364206341883935,0.006077416123094443
2022-02,Copper,0.028936321953850763,0.008571224042663689,0.020365097911187076
2022-03,Copper,-0.005527014010356268,0.011602627381387107,0.017129641391743375
2022-04,Copper,-0.07659659130000285,0.0034483592211890747,0.08004495052119193
2022-05,Copper,-0.03485625374351764,-0.013608978848880725,0.021247274894636917
2022-06,Copper,-0.16793312295375773,-0.003974670006216861,0.16395845294754086
2022-07,Copper,0.05911383828790462,-0.03715216902217175,0.09626600731007637
2022-08,Copper,-0.030635285243702848,0.01703686779225899,0.04767215303596184
2022-09,Copper,-0.012255146815191686,-0.002990523987809849,0.009264622827381837
2022-10,Copper,0.05212053168672948,0.000983870304614133,0.051136661382115346
2022-11,Copper,0.039905035066950534,0.015245291467478543,0.02465974359947199
2022-12,Copper,0.07600621858744261,0.012733309505593099,0.06327290908184952
2023-01,Copper,-0.007855739168866283,0.02751220795991961,0.035367947128785895
2023-02,Copper,-0.008982862297964744,0.0012755030882559432,0.010258365386220688
2023-03,Copper,-0.0053242676617485385,0.0008788162752441609,0.0062030839369926994
2023-04,Copper,-0.06425148069420683,0.00197761280775296,0.0662290935019598
2023-05,Copper,0.018604723566847836,-0.016539338436113906,0.035144062002961746
2023-06,Copper,0.009546972084147232,0.009169506455238546,0.000377465628908686
2023-07,Copper,-0.015200621142506865,0.00640055419979958,0.021601175342306444
2023-08,Copper,-0.008518916432325718,-0.0012599587022408326,0.007258957730084886
2023-09,Copper,-0.040518242886085076,0.0007466527293666994,0.041264895615451776
2023-10,Copper,0.0312581152417124,-0.009235528421427327,0.04049364366313973
2023-11,Copper,0.02665735519148682,0.012840262944668435,0.013817092246818385
2023-12,Copper,-0.0067271147099391415,0.011511747841626877,0.018238862551566017
2024-01,Copper,-0.005554688402339969,0.0012944377225198203,0.00684912612485979
2024-02,Copper,0.04670329733338652,0.001619276909577381,0.045084020423809136
2024-03,Copper,0.08659729192807375,0.017634253062732978,0.06896303886534078
2024-04,Copper,0.07109874379010206,0.030233922062475913,0.04086482172762615
2024-05,Copper,-0.04635651872865587,0.0258860775055427,0.07224259623419857
2024-06,Copper,-0.027243926905674343,-0.010354987712076102,0.01688893919359824
2024-07,Copper,-0.04306679109509326,-0.004662302426886336,0.03840448866820692
2024-08,Copper,0.03095503840369629,-0.00968883212657418,0.040643870530270465
2024-09,Copper,0.029685594146236838,0.012980110139424707,0.01670548400681213
2024-10,Copper,-0.04806634984885061,0.012676449762846157,0.06074279961169676
2024-11,Copper,-0.01827064795738398,-0.011026698221736023,0.007243949735647955
2024-12,Copper,0.007494208644327038,-0.002096485488028834,0.009590694132355873
2025-01,Copper,0.03946832771773634,0.0054767859202559275,0.033991541797480415
2025-02,Copper,0.04338757025212603,0.012242955768307806,0.031144614483818223
2025-03,Copper,-0.0578407603509401,0.013211892623622958,0.07105265297456306
2025-04,Copper,0.03908392947428818,-0.007921578965853951,0.04700550844014213
2025-05,Copper,0.031881311604433415,0.011998986878644261,0.019882324725789154
2025-06,Copper,-0.0065569104180082105,0.010640820913163103,0.017197731331171313
2025-07,Copper,-0.010102237134808512,0.0028336203478520052,0.012935857482660518
2025-08,Copper,0.033385196116151095,0.002069816794516352,0.031315379321634744
2025-09,Copper,0.07455347565134396,0.010899611073362967,0.06365386457798099
2025-10,Copper,0.0067141795103933255,0.019478668901858044,0.012764489391464719
2025-11,Copper,0.0905413943535005,0.005787976089313993,0.08475341826418652
2025-12,Copper,0.10140330494217831,0.02284513930905142,0.07855816563312688
2026-01,Copper,-0.002715244919284987,0.02582753612199199,0.028542781041276978
2026-02,Copper,-0.03263255318620939,0.0044596411169549,0.03709219430316429
2026-03,Copper,0.02889189668775627,-0.001703295443258571,0.030595192131014838
2026-04,Copper,0.048210652243837915,0.010747306424610643,0.03746334581922727
2026-05,Copper,0.0029517656584547858,0.014770380370002379,0.011818614711547593
2010-01,Wheat,-0.045645438016951756,0.007597306731070258,0.053242744748022014
2010-02,Wheat,-0.023085704152767006,0.006510720103559605,0.02959642425632661
2010-03,Wheat,0.002309480050954882,0.005918791618433073,0.0036093115674781908
2010-04,Wheat,0.009583844694856403,0.00584802080338448,0.0037358238914719224
2010-05,Wheat,-0.05757505432604082,0.005919863570528172,0.063494917896569
2010-06,Wheat,0.2246847250205204,0.004721846251724983,0.21996287876879542
2010-07,Wheat,0.20323543748476802,0.008795232895591565,0.19444020458917646
2010-08,Wheat,0.09348271933156083,0.0123305093426675,0.08115220998889333
2010-09,Wheat,-0.024258897415465164,0.013779655949612024,0.038038553365077186
2010-10,Wheat,0.030863527880234498,0.013112312908119442,0.017751214972115056
2010-11,Wheat,0.13486878453038686,0.013418368338673149,0.12145041619171372
2010-12,Wheat,0.07845237298346541,0.015476849969041178,0.06297552301442423
2011-01,Wheat,0.07301647452378068,0.05069711349879939,0.02231936102498129
2011-02,Wheat,-0.10146339483245015,0.03912672329298678,0.14059011812543692
2011-03,Wheat,0.07666591371131726,-0.0004670447628131718,0.07713295847413043
2011-04,Wheat,-0.0001948160936080523,0.03924900102004351,0.03944381711365156
2011-05,Wheat,-0.07127952072988242,0.027501321156657585,0.09878084188654
2011-06,Wheat,-0.048495492331108836,0.00037536043327611283,0.04887085276438495
2011-07,Wheat,0.06345671112861195,0.0007451584272620514,0.0627115527013499
2011-08,Wheat,-0.056627684339573325,0.01669949223562747,0.0733271765752008
2011-09,Wheat,-0.07619659492450981,-0.00040866884311074533,0.07578792608139906
2011-10,Wheat,-0.028026983795813587,-0.01101727461367418,0.017009709182139406
2011-11,Wheat,-0.034670148826560054,-0.0026209126585397258,0.03204923616802033
2011-12,Wheat,0.032376060393805695,-0.004119035778906002,0.0364950961727117
2012-01,Wheat,0.009347908028646268,0.009878117428747876,0.0005302094001016083
2012-02,Wheat,-0.0101100632133575,0.008719344963095302,0.018829408176452803
2012-03,Wheat,-0.0632759448521848,0.008265677074654351,0.07154162192683915
2012-04,Wheat,0.0034781971954753743,0.005661688950862955,0.0021834917553875807
2012-05,Wheat,0.05717482556361775,0.007925045421648964,0.049249780141968784
2012-06,Wheat,0.28425771928555865,0.011293513205343374,0.27296420608021527
2012-07,Wheat,0.015452408930669792,0.031134538908016936,0.015682129977347144
2012-08,Wheat,0.003501310993157203,0.015337096004576166,0.011835785011418963
2012-09,Wheat,0.0055416593645278844,0.014617733486528142,0.009076074122000257
2012-10,Wheat,0.003304256828916552,0.014790476275705544,0.011486219446788992
2012-11,Wheat,-0.05140356642509958,0.014120754840577706,0.06552432126567728
2012-12,Wheat,-0.048931838210714895,0.009943448912565602,0.058875287123280495
2013-01,Wheat,-0.05735996438400548,-0.0001263797043503448,0.057233584679655135
2013-02,Wheat,-0.03068600195356508,-0.0035309893179675863,0.02715501263559749
2013-03,Wheat,0.003145731065363311,-0.0010764536827499172,0.004222184748113228
2013-04,Wheat,0.044951634317505595,0.0036396371837873953,0.0413119971337182
2013-05,Wheat,-0.0333071151984512,0.0106482488103233,0.0439553640087745
2013-06,Wheat,-0.035143170082929,-0.003123798125622454,0.032019371957306544
2013-07,Wheat,0.005643487285937221,-0.002668896401480724,0.008312383687417945
2013-08,Wheat,-0.0055086112365352324,0.007434209906553324,0.012942821143088557
2013-09,Wheat,0.08019406392694095,0.005537988528516375,0.07465607539842457
2013-10,Wheat,-0.06605019815059499,0.020605029183009396,0.08665522733360438
2013-11,Wheat,-0.05260321950562352,-0.006254230091937077,0.046348989413686446
2013-12,Wheat,-0.06554813024313955,-0.004456388719318565,0.06109174152382098
2014-01,Wheat,0.05573485600794381,0.0003729035778572559,0.055361952430086556
2014-02,Wheat,0.13515010145834583,0.011468054880503432,0.1236820465778424
2014-03,Wheat,0.0027932960893852776,0.02180462762955499,0.019011331540169714
2014-04,Wheat,0.04171942263864281,0.009091792739166757,0.032627629899476054
2014-05,Wheat,-0.09121847462777277,0.013401430115333908,0.10461990474310667
2014-06,Wheat,-0.0882858949262586,0.001200827382648935,0.08948672230890753
2014-07,Wheat,-0.039370813787953596,-0.0007163395826512067,0.03865447420530239
2014-08,Wheat,-0.07849125753989417,0.0030310687532271374,0.0815223262931213
2014-09,Wheat,-0.0021128511061397903,-0.002532523750675273,0.00041967264453548255
2014-10,Wheat,0.02497563977639916,0.005231309030296307,0.019744330746102854
2014-11,Wheat,0.08737025008414934,0.008490257673623833,0.0788799924105255
2014-12,Wheat,-0.0929810837718672,0.01642967930351736,0.10941076307538455
2015-01,Wheat,-0.052949320260547994,-0.009260416393598737,0.04368890386694926
2015-02,Wheat,0.0047058003346343025,-0.0045208565924088505,0.009226656927043154
2015-03,Wheat,-0.03335216749850767,0.005005869580451311,0.038358037078958976
2015-04,Wheat,-0.013855152705841478,-0.0012487742658097772,0.0126063784400317
2015-05,Wheat,0.034256225850787025,0.0009330872438706684,0.03332313860691636
2015-06,Wheat,-0.0030923526953612335,0.00768976938968532,0.010782122085046555
2015-07,Wheat,-0.1290041838331576,0.0033043188517350806,0.13230850268489266
2015-08,Wheat,-0.05445195119491775,-0.016918561818458248,0.0375333893764595
2015-09,Wheat,0.00842486936120257,-0.007850904243488156,0.016275773604690725
2015-10,Wheat,-0.04621960993855201,0.0020950517781868645,0.04831466171673887
2015-11,Wheat,0.03858622994652405,-0.0068536402223179456,0.045439870168841996
2015-12,Wheat,0.004381942321411314,0.005879409392145921,0.0014974670707346071
2016-01,Wheat,-0.032366071428572285,-0.001521495224349914,0.03084457620422237
2016-02,Wheat,0.029988465974625456,-0.006007553883618669,0.035996019858244126
2016-03,Wheat,-0.004106009705113878,0.007991293966025152,0.01209730367113903
2016-04,Wheat,-0.035660741058042955,0.00180024304390839,0.037460984101951346
2016-05,Wheat,-0.005491898440259657,-0.0035370118095108087,0.0019548866307488484
2016-06,Wheat,-0.14668514176081826,0.0011073467686921047,0.14779248852951035
2016-07,Wheat,-0.04345436515048362,-0.025928003547478803,0.017526361603004817
2016-08,Wheat,-0.03636558295564074,-0.009017218393596385,0.027348364562044356
2016-09,Wheat,-0.005600511073252767,-0.009569507750531513,0.003968996677278746
2016-10,Wheat,-7.1006477370128e-05,-0.006196278796823037,0.006125272319452909
2016-11,Wheat,0.002419651780548815,-0.004883910846093002,0.007303562626641817
2016-12,Wheat,0.11640079760717792,-0.004608401494989223,0.12100919910216715
2017-01,Wheat,0.07448796136355673,0.013549191660114786,0.06093876970344195
2017-02,Wheat,-0.006310624215451255,0.010560125102691685,0.01687074931814294
2017-03,Wheat,-0.0547963296852213,0.002277523988149591,0.057073853673370895
2017-04,Wheat,0.05803599781523383,-0.0029608637832609906,0.06099686159849482
2017-05,Wheat,0.073791058394161,0.00844894498978167,0.06534211340437933
2017-06,Wheat,0.10993096123207735,0.010641873057050937,0.09928908817502641
2017-07,Wheat,-0.20329519450800937,0.015760860474083926,0.2190560549820933
2017-08,Wheat,-0.004584099264706376,-0.0135096920512689,0.008925592786562525
2017-09,Wheat,-0.0366212850948715,0.002384662258652063,0.039005947353523564
2017-10,Wheat,0.0352578401784549,-0.0002692328821342384,0.03552707306058914
2017-11,Wheat,0.06561085972850655,0.005255531998645313,0.06035532772986124
2017-12,Wheat,0.06311739133020544,0.007963239439551503,0.05515415189065394
2018-01,Wheat,0.1016770500877382,0.007927987592713091,0.0937490624950251
2018-02,Wheat,0.05008846057224137,0.021699505409018785,0.02838895516322258
2018-03,Wheat,-0.0029980657640239494,0.015209245969473595,0.018207311733497544
2018-04,Wheat,0.06834275434527703,0.007259990968265319,0.06108276337701172
2018-05,Wheat,0.0019480144285133338,0.019999036414569165,0.01805102198605583
2018-06,Wheat,0.01930222020842809,0.008414405148910335,0.010887815059517754
2018-07,Wheat,0.07360535592800987,0.010420800306878447,0.06318455562113143
2018-08,Wheat,-0.09535444539065763,0.018741584410138352,0.11409602980079597
2018-09,Wheat,-0.014035539531290775,-0.009206820987811361,0.0048287185434794135
2018-10,Wheat,-0.03666113173753194,0.002185165918506167,0.03884629765603811
2018-11,Wheat,0.03846518013539679,-0.0027814059116598793,0.04124658604705667
2018-12,Wheat,0.0016395471137788942,0.008730813459312287,0.007091266345533392
2019-01,Wheat,-0.0578688916305401,0.003018485776350449,0.06088737740689055
2019-02,Wheat,-0.07537267080745336,-0.008480656492672295,0.06689201431478106
2019-03,Wheat,-0.03329078919378825,-0.010713678995570696,0.022577110198217554
2019-04,Wheat,-0.0047059882575345435,-0.004337364551878338,0.00036862370565620556
2019-05,Wheat,0.1037142555661068,0.00025042960780601985,0.10346382595830078
2019-06,Wheat,-0.06194131875065645,0.017886877564668294,0.07982819631532474
2019-07,Wheat,-0.08856502242152509,-0.010099037734827974,0.0784659846866971
2019-08,Wheat,-0.01869618696186981,-0.014934405469494502,0.0037617814923753077
2019-09,Wheat,0.04537478064677902,-0.00038346374412927655,0.0457582443909083
2019-10,Wheat,0.028110844657607492,0.010303901543973046,0.017806943113634448
2019-11,Wheat,0.04904755734093591,0.005668817469522918,0.04337873987141299
2019-12,Wheat,0.078588633897138,0.006660038925313769,0.07192859497182423
2020-01,Wheat,-0.03372202962496085,0.014620488221820986,0.048342517846781834
2020-02,Wheat,-0.007875181185309166,0.00013565736696460667,0.008010838552273773
2020-03,Wheat,0.0519197024914948,0.003478982159643284,0.04844072033185152
2020-04,Wheat,-0.026657256886985392,0.01156353974232652,0.03822079662931191
2020-05,Wheat,-0.02990845130927111,0.0008203907969730412,0.03072884210624415
2020-06,Wheat,0.005018697106869974,-0.0005253045854529065,0.00554400169232288
2020-07,Wheat,0.02115417791516805,0.003382090859833962,0.017772087055334087
2020-08,Wheat,0.17197388247111967,0.005967297521399495,0.16600658494972018
2020-09,Wheat,-0.0034830173683346732,0.027952694557015156,0.03143571192534983
2020-10,Wheat,0.036021087200760915,0.00450615228837856,0.03151493491238236
2020-11,Wheat,0.031119733633956148,0.010145756145272253,0.020973977488683897
2020-12,Wheat,0.09494024917365862,0.010297102928077628,0.08464314624558099
2021-01,Wheat,0.012028608582574485,0.011569982637431461,0.00045862594514302357
2021-02,Wheat,-0.04534281205044732,0.006122881330002715,0.05146569338045004
2021-03,Wheat,0.04371091035441266,0.0021485090009658154,0.04156240135344684
2021-04,Wheat,0.1605046306424558,0.008012126825989651,0.15249250381646615
2021-05,Wheat,-0.14250459858100917,0.016782150419342827,0.159286749000352
2021-06,Wheat,0.02035867508727085,-0.0009067844745487934,0.021265459561819643
2021-07,Wheat,0.12826121020605363,0.006346384072187352,0.12191482613386628
2021-08,Wheat,-0.01870851633884818,0.011455786846561837,0.030164303185410017
2021-09,Wheat,0.0901011935651268,0.005350119618096918,0.08475107394702988
2021-10,Wheat,0.07958369532877185,0.009655210436013513,0.06992848489275834
2021-11,Wheat,0.02073021855317525,0.009946370682732202,0.010783847870443048
2021-12,Wheat,0.006369306369306438,0.007710026801936685,0.0013407204326302468
2022-01,Wheat,0.06569384190658623,0.0071433973836826994,0.058550444522903526
2022-02,Wheat,0.11557241204932778,0.009719489575005813,0.10585292247432196
2022-03,Wheat,0.04736530756141999,0.012719415028993607,0.03464589253242638
2022-04,Wheat,0.09390925281599283,0.010238304302362708,0.08367094851363012
2022-05,Wheat,-0.1047023758896044,0.013400326619174294,0.1181027025087787
2022-06,Wheat,-0.19030994779635846,0.003745723229735723,0.19405567102609417
2022-07,Wheat,0.0032351601720299605,-0.003708968234021887,0.0069441284060518475
2022-08,Wheat,0.07214923358992253,0.006877992084754099,0.06527124150516844
2022-09,Wheat,0.021340608540790118,0.010692881134334628,0.01064772740645549
2022-10,Wheat,-0.0265272944476187,0.008175385087660818,0.034702679535279515
2022-11,Wheat,-0.06004423360111821,0.00560394711051233,0.06564818071163055
2022-12,Wheat,-0.010992553148356454,0.0035176808035097835,0.014510233951866238
2023-01,Wheat,0.03847263978033011,0.004476898209245419,0.03399574157108469
2023-02,Wheat,-0.06913836432314324,0.010302383319384342,0.07944074764252758
2023-03,Wheat,0.01092728206493776,-0.002669401353088759,0.013596683418026518
2023-04,Wheat,-0.042744103081394313,0.0058065922430835725,0.04855069532447789
2023-05,Wheat,-0.05731786203988665,-0.0002508742617471022,0.057066987778139545
2023-06,Wheat,-0.012962967554460247,-0.0021926871375180018,0.010770280416942245
2023-07,Wheat,-0.1335296948432918,0.0023541890014846705,0.13588388384477648
2023-08,Wheat,-0.04980313006650572,-0.01282399732721909,0.03697913273928663
2023-09,Wheat,-0.05635263876494079,-0.004460685071190661,0.051891953693750124
2023-10,Wheat,-0.0021420199652426586,-0.006442735526819331,0.004300715561576672
2023-11,Wheat,0.06311632666112432,-0.00016662638084361144,0.06328295304196793
2023-12,Wheat,-0.015480676975087038,0.008981696001613915,0.024462372976700952
2024-01,Wheat,-0.03025702345019754,0.00013908723239543057,0.030396110682592972
2024-02,Wheat,-0.03373981219067812,-0.0005136360544457132,0.03322617613623241
2024-03,Wheat,-0.016329853179147702,-0.0008919294123451516,0.015437923766802551
2024-04,Wheat,0.09141439643495497,0.0013727661447020395,0.09004163029025293
2024-05,Wheat,-0.09763285538563271,0.014332880328854226,0.11196573571448694
2024-06,Wheat,-0.10720091434084889,-0.0072994052094569805,0.09990150913139191
2024-07,Wheat,-0.04210747003327153,-0.010607743477167038,0.031499726556104495
2024-08,Wheat,0.07403974579876915,-0.004265697723032551,0.0783054435218017
2024-09,Wheat,0.047037049798433594,0.00972249786143758,0.03731455193699602
2024-10,Wheat,-0.05896055136784173,0.00796499872470743,0.06692555009254916
2024-11,Wheat,0.000320690692785508,-0.005191843333139558,0.005512534025925066
2024-12,Wheat,0.026024965508798292,0.00209097501818643,0.023933990490611862
2025-01,Wheat,-0.002764522596072627,0.011178764021744576,0.013943286617817203
2025-02,Wheat,-0.055212804674917404,0.005057215077902624,0.06027001975282003
2025-03,Wheat,-0.02666829030686846,-0.007094157342019178,0.01957413296484928
2025-04,Wheat,0.12598523708244747,-0.0023802246998899036,0.12836546178233738
2025-05,Wheat,-0.12012893333333363,0.02475895775174189,0.14488789108507552
2025-06,Wheat,-0.04577587023142138,-0.018820436534396707,0.02695543369702467
2025-07,Wheat,-0.03605496098874439,-0.010028832107261847,0.026026128881482542
2025-08,Wheat,-0.026318853186423574,0.00011974483789528156,0.026438598024318857
2025-09,Wheat,0.014680660700230996,-0.0005196913448977394,0.015200352045128736
2025-10,Wheat,0.07504150183750324,0.003927503581394834,0.07111399825610841
2025-11,Wheat,-0.02113799173270714,0.005454571890969815,0.026592563623676957
2025-12,Wheat,0.021879592912010137,-0.0057259755542104305,0.027605568466220566
2026-01,Wheat,0.03250789116617847,0.003628151799645303,0.028879739366533166
2026-02,Wheat,0.10943838331077504,0.011607065376354437,0.09783131793442061
2026-03,Wheat,0.04520582139344653,0.02274539399345079,0.022460427399995743
2026-04,Wheat,0.09002625737058367,0.013841293129399468,0.0761849642411842
2026-05,Wheat,-0.09614191846579712,0.019943645784596575,0.1160855642503937
