episode_id,regime,start_date,end_date,representative_date,representative_GPR,month_count
1,MODERATE,1992-01,1992-01,1992-01,102.95763397216795,1
2,LOW,1992-02,1992-05,1992-02,87.2034683227539,4
3,MODERATE,1992-06,1992-06,1992-06,93.84909057617188,1
4,LOW,1992-07,1992-12,1992-11,91.00899505615234,6
5,HIGH,1993-01,1993-01,1993-01,128.91807556152344,1
6,LOW,1993-02,1993-02,1993-02,90.4680633544922,1
7,MODERATE,1993-03,1993-06,1993-04,112.72166442871094,4
8,HIGH,1993-07,1993-07,1993-07,123.31478881835938,1
9,MODERATE,1993-08,1993-08,1993-08,97.2416763305664,1
10,LOW,1993-09,1993-09,1993-09,89.16477966308594,1
11,MODERATE,1993-10,1993-10,1993-10,106.16590881347656,1
12,LOW,1993-11,1994-01,1994-01,83.48997497558594,3
13,HIGH,1994-02,1994-02,1994-02,117.2420654296875,1
14,MODERATE,1994-03,1994-05,1994-05,104.46678924560548,3
15,HIGH,1994-06,1994-06,1994-06,120.35224151611328,1
16,MODERATE,1994-07,1994-10,1994-07,99.6402359008789,4
17,LOW,1994-11,1994-11,1994-11,86.5298080444336,1
18,MODERATE,1994-12,1994-12,1994-12,96.04750061035156,1
19,LOW,1995-01,1995-03,1995-03,82.24444580078125,3
20,MODERATE,1995-04,1995-04,1995-04,99.19087982177734,1
21,LOW,1995-05,1995-05,1995-05,87.842529296875,1
22,MODERATE,1995-06,1995-08,1995-07,107.64541625976562,3
23,LOW,1995-09,1998-04,1996-09,88.19697570800781,32
24,MODERATE,1998-05,1998-05,1998-05,94.4734878540039,1
25,LOW,1998-06,1998-07,1998-06,76.30907440185547,2
26,MODERATE,1998-08,1998-08,1998-08,97.02085876464844,1
27,LOW,1998-09,1999-03,1999-03,83.39727783203125,7
28,MODERATE,1999-04,1999-04,1999-04,106.19801330566406,1
29,LOW,1999-05,2001-08,1999-12,86.0849380493164,28
30,EXTREME,2001-09,2002-06,2001-10,512.5297241210938,10
31,HIGH,2002-07,2002-08,2002-08,127.06451416015624,2
32,EXTREME,2002-09,2003-05,2003-03,358.711181640625,9
33,HIGH,2003-06,2003-09,2003-06,145.7697296142578,4
34,MODERATE,2003-10,2003-10,2003-10,108.3173828125,1
35,HIGH,2003-11,2004-03,2004-03,138.53207397460938,5
36,EXTREME,2004-04,2004-04,2004-04,149.6313934326172,1
37,HIGH,2004-05,2004-08,2004-08,140.36582946777344,4
38,EXTREME,2004-09,2004-09,2004-09,153.87161254882812,1
39,HIGH,2004-10,2004-11,2004-11,122.70738983154295,2
40,MODERATE,2004-12,2005-02,2004-12,109.89522552490234,3
41,LOW,2005-03,2005-04,2005-03,90.41048431396484,2
42,MODERATE,2005-05,2005-05,2005-05,98.20596313476562,1
43,LOW,2005-06,2005-06,2005-06,81.12405395507812,1
44,EXTREME,2005-07,2005-07,2005-07,165.90191650390625,1
45,HIGH,2005-08,2005-08,2005-08,116.2276611328125,1
46,MODERATE,2005-09,2005-09,2005-09,103.8076629638672,1
47,LOW,2005-10,2005-11,2005-10,87.06182861328125,2
48,MODERATE,2005-12,2006-03,2006-02,95.85819244384766,4
49,LOW,2006-04,2006-05,2006-04,89.01580047607422,2
50,MODERATE,2006-06,2006-06,2006-06,102.57276916503906,1
51,HIGH,2006-07,2006-07,2006-07,137.13482666015625,1
52,EXTREME,2006-08,2006-08,2006-08,147.08111572265625,1
53,MODERATE,2006-09,2006-10,2006-10,113.1352996826172,2
54,LOW,2006-11,2006-12,2006-12,90.60655975341795,2
55,MODERATE,2007-01,2007-02,2007-01,97.9200439453125,2
56,LOW,2007-03,2007-04,2007-03,87.33650207519531,2
57,MODERATE,2007-05,2007-07,2007-07,112.34625244140624,3
58,LOW,2007-08,2007-08,2007-08,83.17320251464844,1
59,MODERATE,2007-09,2007-10,2007-10,101.47301483154295,2
60,LOW,2007-11,2007-11,2007-11,89.79544830322266,1
61,MODERATE,2007-12,2007-12,2007-12,94.96749114990234,1
62,LOW,2008-01,2008-11,2008-07,89.73957061767578,11
63,MODERATE,2008-12,2008-12,2008-12,92.3664321899414,1
64,LOW,2009-01,2009-08,2009-05,89.68086242675781,8
65,MODERATE,2009-09,2009-09,2009-09,92.8399887084961,1
66,LOW,2009-10,2009-11,2009-10,90.57640075683594,2
67,MODERATE,2009-12,2010-01,2009-12,92.94691467285156,2
68,LOW,2010-02,2010-05,2010-05,88.95870971679688,4
69,MODERATE,2010-06,2010-06,2010-06,96.45369720458984,1
70,LOW,2010-07,2010-10,2010-08,80.99386596679688,4
71,MODERATE,2010-11,2010-12,2010-12,97.20389556884766,2
72,LOW,2011-01,2011-02,2011-02,90.01448822021484,2
73,HIGH,2011-03,2011-03,2011-03,136.8883056640625,1
74,LOW,2011-04,2011-04,2011-04,91.01776885986328,1
75,MODERATE,2011-05,2011-05,2011-05,105.34491729736328,1
76,LOW,2011-06,2012-01,2011-08,86.95156860351562,8
77,MODERATE,2012-02,2012-02,2012-02,92.4458236694336,1
78,LOW,2012-03,2012-03,2012-03,88.75997924804688,1
79,MODERATE,2012-04,2012-04,2012-04,96.01668548583984,1
80,LOW,2012-05,2013-03,2013-01,90.6574935913086,11
81,MODERATE,2013-04,2013-04,2013-04,95.10787200927734,1
82,LOW,2013-05,2013-08,2013-08,90.95674896240234,4
83,MODERATE,2013-09,2013-09,2013-09,100.4593276977539,1
84,LOW,2013-10,2014-02,2014-01,77.91596984863281,5
85,HIGH,2014-03,2014-03,2014-03,119.83855438232422,1
86,MODERATE,2014-04,2014-04,2014-04,93.22154235839844,1
87,LOW,2014-05,2014-05,2014-05,83.4288558959961,1
88,MODERATE,2014-06,2014-06,2014-06,98.76710510253906,1
89,HIGH,2014-07,2014-09,2014-07,138.7539520263672,3
90,LOW,2014-10,2014-12,2014-12,86.5262222290039,3
91,MODERATE,2015-01,2015-04,2015-01,111.9856948852539,4
92,LOW,2015-05,2015-06,2015-06,85.90596771240234,2
93,MODERATE,2015-07,2015-07,2015-07,106.80866241455078,1
94,LOW,2015-08,2015-08,2015-08,82.47853088378906,1
95,MODERATE,2015-09,2015-10,2015-09,98.7674560546875,2
96,EXTREME,2015-11,2015-12,2015-11,150.71588134765625,2
97,HIGH,2016-01,2016-01,2016-01,118.21114349365234,1
98,MODERATE,2016-02,2016-03,2016-03,109.72029113769533,2
99,LOW,2016-04,2016-06,2016-06,90.16812896728516,3
100,HIGH,2016-07,2016-07,2016-07,114.6104507446289,1
101,MODERATE,2016-08,2016-09,2016-09,104.54522705078124,2
102,LOW,2016-10,2016-11,2016-10,85.74778747558594,2
103,MODERATE,2016-12,2017-01,2017-01,105.20123291015624,2
104,HIGH,2017-02,2017-02,2017-02,114.20635986328124,1
105,MODERATE,2017-03,2017-03,2017-03,96.63587951660156,1
106,HIGH,2017-04,2017-04,2017-04,119.45992279052734,1
107,MODERATE,2017-05,2017-05,2017-05,102.57996368408205,1
108,HIGH,2017-06,2017-06,2017-06,126.7890167236328,1
109,MODERATE,2017-07,2017-07,2017-07,102.81346130371094,1
110,HIGH,2017-08,2017-09,2017-08,138.5316162109375,2
111,MODERATE,2017-10,2017-11,2017-11,92.59601593017578,2
112,LOW,2017-12,2017-12,2017-12,82.71825408935547,1
113,MODERATE,2018-01,2018-01,2018-01,92.42678833007812,1
114,LOW,2018-02,2018-02,2018-02,64.49137115478516,1
115,MODERATE,2018-03,2018-03,2018-03,111.96229553222656,1
116,HIGH,2018-04,2018-05,2018-05,125.66661834716795,2
117,MODERATE,2018-06,2018-08,2018-08,112.74168395996094,3
118,LOW,2018-09,2018-09,2018-09,75.05390930175781,1
119,MODERATE,2018-10,2018-10,2018-10,92.0164794921875,1
120,LOW,2018-11,2019-01,2018-12,90.607666015625,3
121,MODERATE,2019-02,2019-02,2019-02,96.80016326904295,1
122,LOW,2019-03,2019-04,2019-03,82.32829284667969,2
123,MODERATE,2019-05,2019-08,2019-06,106.58845520019533,4
124,LOW,2019-09,2019-09,2019-09,90.36798858642578,1
125,MODERATE,2019-10,2019-10,2019-10,97.83673095703124,1
126,LOW,2019-11,2019-12,2019-12,74.27989196777344,2
127,HIGH,2020-01,2020-01,2020-01,138.4209442138672,1
128,LOW,2020-02,2021-04,2021-04,88.16622161865234,15
129,MODERATE,2021-05,2021-05,2021-05,93.00713348388672,1
130,LOW,2021-06,2021-11,2021-08,89.4865493774414,6
131,MODERATE,2021-12,2021-12,2021-12,105.34542083740234,1
132,HIGH,2022-01,2022-01,2022-01,138.67498779296875,1
133,EXTREME,2022-02,2022-04,2022-03,318.9549255371094,3
134,HIGH,2022-05,2022-11,2022-10,143.16241455078125,7
135,MODERATE,2022-12,2023-01,2022-12,111.19593811035156,2
136,HIGH,2023-02,2023-02,2023-02,120.99437713623048,1
137,MODERATE,2023-03,2023-09,2023-06,110.52894592285156,7
138,EXTREME,2023-10,2023-11,2023-10,197.8870086669922,2
139,HIGH,2023-12,2023-12,2023-12,142.2794647216797,1
140,EXTREME,2024-01,2024-02,2024-01,160.3736572265625,2
141,HIGH,2024-03,2024-03,2024-03,133.21316528320312,1
142,EXTREME,2024-04,2024-04,2024-04,163.9473419189453,1
143,HIGH,2024-05,2024-05,2024-05,130.52186584472656,1
144,MODERATE,2024-06,2024-07,2024-06,113.0927963256836,2
145,HIGH,2024-08,2024-12,2024-12,142.36643981933594,5
146,MODERATE,2025-01,2025-01,2025-01,113.233154296875,1
147,HIGH,2025-02,2025-02,2025-02,136.9805908203125,1
148,EXTREME,2025-03,2025-03,2025-03,174.3096466064453,1
149,HIGH,2025-04,2025-04,2025-04,140.9822540283203,1
150,EXTREME,2025-05,2025-06,2025-06,221.1349029541016,2
151,HIGH,2025-07,2025-09,2025-08,138.98846435546875,3
152,EXTREME,2025-10,2025-10,2025-10,154.52259826660156,1
153,MODERATE,2025-11,2025-11,2025-11,104.35176849365234,1
154,HIGH,2025-12,2025-12,2025-12,132.48622131347656,1
155,EXTREME,2026-01,2026-01,2026-01,168.62986755371094,1
156,HIGH,2026-02,2026-02,2026-02,119.86540985107422,1
157,EXTREME,2026-03,2026-06,2026-03,330.17681884765625,4
