Date,GPR,GPRT,GPRA,Brent,Natural_Gas,Gold,Copper,Wheat,DXY
1960-01,,,,1.6,0.14,35.0,715.0,,
1960-02,,,,1.6,0.14,35.0,728.0,,
1960-03,,,,1.6,0.14,35.0,685.0,,
1960-04,,,,1.6,0.14,35.0,723.0,,
1960-05,,,,1.6,0.14,35.0,685.0,,
1960-06,,,,1.6,0.14,35.0,692.0,,
1960-07,,,,1.6,0.14,35.0,702.0,,
1960-08,,,,1.6,0.14,35.0,676.0,,
1960-09,,,,1.6,0.14,35.0,647.0,,
1960-10,,,,1.6,0.14,35.0,613.0,,
1960-11,,,,1.6,0.14,35.0,642.0,,
1960-12,,,,1.6,0.14,35.0,637.0,,
1961-01,,,,1.6,0.15,35.0,607.0,,
1961-02,,,,1.6,0.15,35.0,617.0,,
1961-03,,,,1.6,0.15,35.0,621.0,,
1961-04,,,,1.6,0.15,35.0,632.0,,
1961-05,,,,1.6,0.15,35.0,668.0,,
1961-06,,,,1.6,0.15,35.0,652.0,,
1961-07,,,,1.6,0.15,35.0,633.0,,
1961-08,,,,1.6,0.15,35.0,636.0,,
1961-09,,,,1.6,0.15,35.0,633.0,,
1961-10,,,,1.6,0.15,35.0,630.0,,
1961-11,,,,1.6,0.15,35.0,632.0,,
1961-12,,,,1.6,0.15,35.0,635.0,,
1962-01,,,,1.5,0.16,35.0,635.0,,
1962-02,,,,1.5,0.16,35.0,648.0,,
1962-03,,,,1.5,0.16,35.0,648.0,,
1962-04,,,,1.5,0.16,35.0,646.0,,
1962-05,,,,1.5,0.16,35.0,646.0,,
1962-06,,,,1.5,0.16,35.0,646.0,,
1962-07,,,,1.5,0.16,35.0,646.0,,
1962-08,,,,1.5,0.16,35.0,646.0,,
1962-09,,,,1.5,0.16,35.0,646.0,,
1962-10,,,,1.5,0.16,35.0,646.0,,
1962-11,,,,1.5,0.16,35.0,646.0,,
1962-12,,,,1.5,0.16,35.0,646.0,,
1963-01,,,,1.5,0.16,35.0,646.0,,
1963-02,,,,1.5,0.16,35.0,646.0,,
1963-03,,,,1.5,0.16,35.0,646.0,,
1963-04,,,,1.5,0.16,35.0,646.0,,
1963-05,,,,1.5,0.16,35.0,646.0,,
1963-06,,,,1.5,0.16,35.0,646.0,,
1963-07,,,,1.5,0.16,35.0,646.0,,
1963-08,,,,1.5,0.16,35.0,646.0,,
1963-09,,,,1.5,0.16,35.0,646.0,,
1963-10,,,,1.5,0.16,35.0,646.0,,
1963-11,,,,1.5,0.16,35.0,646.0,,
1963-12,,,,1.5,0.16,35.0,650.0,,
1964-01,,,,1.5,0.15,35.0,656.0,,
1964-02,,,,1.5,0.15,35.0,694.0,,
1964-03,,,,1.5,0.15,35.0,745.0,,
1964-04,,,,1.5,0.15,35.0,862.0,,
1964-05,,,,1.5,0.15,35.0,828.0,,
1964-06,,,,1.5,0.15,35.0,808.0,,
1964-07,,,,1.5,0.15,35.0,855.0,,
1964-08,,,,1.5,0.15,35.0,999.0,,
1964-09,,,,1.5,0.15,35.0,1162.0,,
1964-10,,,,1.5,0.15,35.0,1358.0,,
1964-11,,,,1.5,0.15,35.0,1400.0,,
1964-12,,,,1.5,0.15,35.0,1269.0,,
1965-01,,,,1.4,0.16,35.0,1001.0,,
1965-02,,,,1.4,0.16,35.0,1180.0,,
1965-03,,,,1.4,0.16,35.0,1237.0,,
1965-04,,,,1.4,0.16,35.0,1348.0,,
1965-05,,,,1.4,0.16,35.0,1379.0,,
1965-06,,,,1.4,0.16,35.0,1309.0,,
1965-07,,,,1.4,0.16,35.0,1134.0,,
1965-08,,,,1.4,0.16,35.0,1210.0,,
1965-09,,,,1.4,0.16,35.0,1328.0,,
1965-10,,,,1.4,0.16,35.0,1402.0,,
1965-11,,,,1.4,0.16,35.0,1469.0,,
1965-12,,,,1.4,0.16,35.0,1518.0,,
1966-01,,,,1.4,0.16,35.0,1679.0,,
1966-02,,,,1.4,0.16,35.0,1874.0,,
1966-03,,,,1.4,0.16,35.0,1875.0,,
1966-04,,,,1.4,0.16,35.0,1907.0,,
1966-05,,,,1.4,0.16,35.0,1664.0,,
1966-06,,,,1.4,0.16,35.0,1696.0,,
1966-07,,,,1.4,0.16,35.0,1568.0,,
1966-08,,,,1.4,0.16,35.0,1195.0,,
1966-09,,,,1.4,0.16,35.0,1128.0,,
1966-10,,,,1.4,0.16,35.0,1275.0,,
1966-11,,,,1.4,0.16,35.0,1302.0,,
1966-12,,,,1.4,0.16,35.0,1215.0,,
1967-01,,,,1.3,0.16,35.0,1244.0,,
1967-02,,,,1.3,0.16,35.0,1220.0,,
1967-03,,,,1.3,0.16,35.0,1098.0,,
1967-04,,,,1.3,0.16,35.0,995.0,,
1967-05,,,,1.3,0.16,35.0,1036.0,,
1967-06,,,,1.3,0.16,35.0,1015.0,,
1967-07,,,,1.3,0.16,35.0,997.0,,
1967-08,,,,1.3,0.16,35.0,1045.0,,
1967-09,,,,1.3,0.16,35.0,1060.0,,
1967-10,,,,1.3,0.16,35.0,1138.0,,
1967-11,,,,1.3,0.16,35.0,1444.0,,
1967-12,,,,1.3,0.16,35.0,1324.0,,
1968-01,,,,1.3,0.16,36.0,1409.0,,
1968-02,,,,1.3,0.16,36.0,1720.0,,
1968-03,,,,1.3,0.16,37.0,1701.0,,
1968-04,,,,1.3,0.16,38.0,1255.0,,
1968-05,,,,1.3,0.16,41.0,1097.0,,
1968-06,,,,1.3,0.16,41.0,1137.0,,
1968-07,,,,1.3,0.16,39.0,1054.0,,
1968-08,,,,1.3,0.16,39.0,1056.0,,
1968-09,,,,1.3,0.16,40.0,1110.0,,
1968-10,,,,1.3,0.16,39.0,1080.0,,
1968-11,,,,1.3,0.16,40.0,1100.0,,
1968-12,,,,1.3,0.16,41.0,1185.0,,
1969-01,,,,1.3,0.17,42.0,1256.0,,
1969-02,,,,1.3,0.17,43.0,1285.0,,
1969-03,,,,1.3,0.17,43.0,1278.0,,
1969-04,,,,1.3,0.17,43.0,1388.0,,
1969-05,,,,1.3,0.17,43.0,1392.0,,
1969-06,,,,1.3,0.17,41.0,1483.0,,
1969-07,,,,1.3,0.17,42.0,1454.0,,
1969-08,,,,1.3,0.17,41.0,1607.0,,
1969-09,,,,1.3,0.17,41.0,1579.0,,
1969-10,,,,1.3,0.17,40.0,1554.0,,
1969-11,,,,1.3,0.17,37.0,1631.0,,
1969-12,,,,1.3,0.17,35.0,1700.0,,
1970-01,,,,1.2,0.17,35.0,1626.0,,
1970-02,,,,1.2,0.17,35.0,1657.0,,
1970-03,,,,1.2,0.17,35.0,1754.0,,
1970-04,,,,1.2,0.17,36.0,1742.0,,
1970-05,,,,1.2,0.17,36.0,1598.0,,
1970-06,,,,1.2,0.17,35.0,1458.0,,
1970-07,,,,1.2,0.17,35.0,1367.0,,
1970-08,,,,1.2,0.17,35.0,1267.0,,
1970-09,,,,1.2,0.17,36.0,1247.0,,
1970-10,,,,1.2,0.17,38.0,1142.0,,
1970-11,,,,1.2,0.17,37.0,1085.0,,
1970-12,,,,1.2,0.17,37.0,1046.0,,
1971-01,,,,1.6,0.18,38.0,1010.0,,
1971-02,,,,1.6,0.18,39.0,1020.0,,
1971-03,,,,1.6,0.18,39.0,1144.0,,
1971-04,,,,1.6,0.18,39.0,1252.0,,
1971-05,,,,1.6,0.18,41.0,1114.0,,
1971-06,,,,1.6,0.18,40.0,1074.0,,
1971-07,,,,1.7,0.18,41.0,1115.0,,
1971-08,,,,1.7,0.18,43.0,1098.0,,
1971-09,,,,1.7,0.18,42.0,1056.0,,
1971-10,,,,1.7,0.18,43.0,1041.0,,
1971-11,,,,1.7,0.18,43.0,1014.0,,
1971-12,,,,1.7,0.18,43.0,1038.0,,
1972-01,,,,1.8,0.19,46.0,1078.0,,
1972-02,,,,1.8,0.19,48.0,1112.0,,
1972-03,,,,1.8,0.19,48.0,1108.0,,
1972-04,,,,1.8,0.19,49.0,1133.0,,
1972-05,,,,1.8,0.19,55.0,1106.0,,
1972-06,,,,1.8,0.19,62.0,1063.0,,
1972-07,,,,1.9,0.19,66.0,1035.0,,
1972-08,,,,1.9,0.19,67.0,1047.0,,
1972-09,,,,1.9,0.19,65.0,1061.0,,
1972-10,,,,1.9,0.19,65.0,918.0,,
1972-11,,,,1.9,0.19,63.0,1007.0,,
1972-12,,,,1.9,0.19,64.0,1024.0,,
1973-01,,,,2.1,0.21,65.0,1119.0,,
1973-02,,,,2.1,0.21,74.0,1244.0,,
1973-03,,,,2.1,0.21,84.0,1510.0,,
1973-04,,,,2.4,0.21,91.0,1588.0,,
1973-05,,,,2.4,0.21,102.0,1552.0,,
1973-06,,,,2.4,0.21,120.0,1749.0,,
1973-07,,,,2.7,0.21,120.0,2021.0,,
1973-08,,,,2.7,0.21,107.0,2123.0,,
1973-09,,,,2.7,0.21,103.0,1936.0,,
1973-10,,,,4.1,0.21,100.0,2065.0,,
1973-11,,,,4.1,0.21,95.0,2273.0,,
1973-12,,,,4.1,0.21,107.0,2244.0,,
1974-01,,,,13.0,0.29,129.0,2032.0,,
1974-02,,,,13.0,0.29,150.0,2292.0,,
1974-03,,,,13.0,0.29,168.0,2743.0,,
1974-04,,,,10.6,0.29,172.0,3032.0,,
1974-05,,,,10.6,0.29,163.0,2876.0,,
1974-06,,,,10.6,0.29,154.0,2440.0,,
1974-07,,,,10.0,0.29,143.0,1919.0,,
1974-08,,,,10.0,0.29,155.0,1803.0,,
1974-09,,,,10.0,0.29,152.0,1461.0,,
1974-10,,,,10.3,0.29,159.0,1399.0,,
1974-11,,,,10.3,0.29,182.0,1417.0,,
1974-12,,,,10.3,0.29,184.0,1289.0,,
1975-01,,,,10.4,0.43,176.0,1211.0,,
1975-02,,,,10.4,0.43,180.0,1267.0,,
1975-03,,,,10.4,0.43,178.0,1344.0,,
1975-04,,,,10.4,0.43,170.0,1329.0,,
1975-05,,,,10.4,0.43,167.0,1254.0,,
1975-06,,,,10.4,0.43,164.0,1193.0,,
1975-07,,,,10.4,0.43,165.0,1222.0,,
1975-08,,,,10.4,0.43,163.0,1277.0,,
1975-09,,,,10.4,0.43,144.0,1210.0,,
1975-10,,,,10.5,0.43,143.0,1179.0,,
1975-11,,,,10.5,0.43,142.0,1180.0,,
1975-12,,,,10.5,0.43,139.0,1151.0,,
1976-01,,,,11.5,0.54,131.0,1193.0,,
1976-02,,,,11.5,0.54,131.0,1219.0,,
1976-03,,,,11.5,0.54,133.0,1329.0,,
1976-04,,,,11.5,0.55,128.0,1510.0,,
1976-05,,,,11.5,0.55,127.0,1512.0,,
1976-06,,,,11.5,0.58,126.0,1550.0,,
1976-07,,,,11.6,0.58,118.0,1647.0,,
1976-08,,,,11.6,0.6,110.0,1539.0,,
1976-09,,,,11.6,0.6,114.0,1459.0,,
1976-10,,,,11.9,0.62,116.0,1285.0,,
1976-11,,,,11.9,0.63,130.0,1279.0,,
1976-12,,,,11.9,0.64,134.0,1287.0,,
1977-01,,,,12.5,0.67,132.0,1396.0,,
1977-02,,,,12.5,0.71,136.0,1426.0,,
1977-03,,,,12.5,0.75,148.0,1515.0,,
1977-04,,,,12.4,0.77,149.0,1429.0,,
1977-05,,,,12.4,0.77,147.0,1371.0,,
1977-06,,,,12.4,0.82,141.0,1312.0,,
1977-07,,,,12.6,0.83,143.0,1248.0,,
1977-08,,,,12.6,0.82,145.0,1160.0,,
1977-09,,,,12.6,0.83,150.0,1195.0,,
1977-10,,,,12.7,0.84,159.0,1210.0,,
1977-11,,,,12.7,0.83,162.0,1182.0,,
1977-12,,,,12.7,0.84,160.0,1261.0,,
1978-01,,,,12.7,0.87,173.0,1261.0,,
1978-02,,,,12.7,0.88,178.0,1217.0,,
1978-03,,,,12.7,0.89,184.0,1254.0,,
1978-04,,,,12.7,0.88,175.0,1285.0,,
1978-05,,,,12.7,0.91,176.0,1303.0,,
1978-06,,,,12.7,0.91,184.0,1333.0,,
1978-07,,,,12.8,0.89,189.0,1337.0,,
1978-08,,,,12.8,0.91,206.0,1426.0,,
1978-09,,,,12.8,0.92,212.0,1442.0,,
1978-10,,,,12.9,0.92,227.0,1506.0,,
1978-11,,,,13.2,0.93,206.0,1481.0,,
1978-12,,,,14.5,0.96,208.0,1533.0,,
1979-01,,,,19.0,1.02,227.0,1659.0,140.4,
1979-02,,,,22.0,1.05,246.0,1944.0,144.8,
1979-03,,,,23.3,1.1,242.0,2050.0,144.0,
1979-04,,,,23.6,1.11,239.0,2100.0,142.2,
1979-05,,,,32.8,1.15,258.0,1926.0,141.4,
1979-06,,,,36.5,1.17,279.0,1878.0,163.9,
1979-07,,,,35.0,1.2,295.0,1814.0,168.3,
1979-08,,,,35.8,1.24,301.0,1976.0,162.8,
1979-09,,,,36.5,1.24,355.0,2096.0,165.0,
1979-10,,,,38.5,1.28,392.0,2076.0,163.1,
1979-11,,,,42.0,1.29,392.0,2090.0,166.8,
1979-12,,,,40.5,1.31,455.0,2214.0,173.1,
1980-01,,,,40.0,1.37,675.0,2601.0,169.7,
1980-02,,,,38.5,1.42,665.0,2918.0,170.5,
1980-03,,,,38.3,1.46,554.0,2306.0,162.4,
1980-04,,,,38.2,1.51,517.0,2070.0,155.8,
1980-05,,,,38.5,1.56,514.0,2037.0,156.2,
1980-06,,,,38.0,1.57,601.0,2006.0,146.2,
1980-07,,,,37.4,1.64,643.0,2176.0,160.5,
1980-08,,,,33.6,1.64,627.0,2082.0,165.3,
1980-09,,,,33.4,1.69,674.0,2060.0,175.6,
1980-10,,,,37.9,1.71,661.0,2040.0,187.0,
1980-11,,,,40.8,1.76,625.0,2010.0,193.3,
1980-12,,,,40.2,1.74,538.0,1879.0,177.1,
1981-01,,,,40.3,1.77,557.0,1869.0,177.5,
1981-02,,,,38.7,1.81,500.0,1801.0,176.4,
1981-03,,,,38.3,1.86,499.0,1818.0,167.9,
1981-04,,,,37.2,1.93,496.0,1821.0,172.1,
1981-05,,,,35.2,1.95,480.0,1742.0,142.9,
1981-06,,,,33.3,1.95,461.0,1700.0,132.8,
1981-07,,,,35.1,2.01,409.0,1682.0,138.6,
1981-08,,,,35.8,2.02,410.0,1787.0,140.3,
1981-09,,,,35.9,2.08,444.0,1710.0,147.1,
1981-10,,,,36.5,2.11,438.0,1666.0,149.7,
1981-11,,,,37.1,2.15,413.0,1651.0,156.8,
1981-12,,,,36.7,2.16,410.0,1655.0,153.0,
1982-01,,,,35.8,2.23,384.0,1611.0,148.4,
1982-02,,,,31.6,2.3,374.0,1598.0,153.7,
1982-03,,,,29.3,2.35,330.0,1510.0,141.8,
1982-04,,,,33.1,2.4,350.0,1522.0,148.6,
1982-05,,,,35.2,2.45,334.0,1528.0,128.3,
1982-06,,,,34.6,2.45,315.0,1300.0,125.7,
1982-07,,,,33.7,2.47,339.0,1441.0,127.5,
1982-08,,,,32.8,2.53,364.0,1452.0,123.8,
1982-09,,,,34.3,2.56,437.0,1427.0,120.5,
1982-10,,,,35.0,2.6,422.0,1461.0,112.9,
1982-11,,,,33.8,2.62,415.0,1444.0,131.6,
1982-12,,,,31.8,2.62,445.0,1473.0,127.9,
1983-01,,,,30.9,2.66,481.0,1572.0,131.2,
1983-02,,,,29.1,2.66,491.0,1647.0,133.4,
1983-03,,,,28.2,2.58,420.0,1598.0,133.0,
1983-04,,,,29.8,2.53,433.0,1675.0,137.1,
1983-05,,,,29.6,2.53,438.0,1766.0,135.7,
1983-06,,,,30.2,2.59,413.0,1701.0,132.3,
1983-07,,,,30.8,2.52,403.0,1704.0,135.3,
1983-08,,,,31.1,2.58,416.0,1640.0,145.1,
1983-09,,,,30.4,2.67,412.0,1561.0,141.8,
1983-10,,,,29.9,2.58,394.0,1435.0,141.5,
1983-11,,,,29.2,2.6,382.0,1389.0,139.6,
1983-12,,,,29.0,2.61,388.0,1415.0,141.7,
1984-01,,,,29.6,2.67,371.0,1376.0,140.0,
1984-02,,,,29.9,2.71,386.0,1430.0,133.3,
1984-03,,,,30.1,2.67,394.0,1501.0,142.7,
1984-04,,,,30.1,2.64,381.0,1533.0,148.1,
1984-05,,,,29.9,2.67,377.0,1421.0,144.3,
1984-06,,,,29.2,2.7,378.0,1367.0,136.3,
1984-07,,,,27.9,2.68,348.0,1331.0,133.7,
1984-08,,,,28.1,2.69,348.0,1338.0,137.5,
1984-09,,,,28.4,2.62,340.0,1294.0,140.8,
1984-10,,,,27.8,2.63,341.0,1273.0,141.3,
1984-11,,,,27.7,2.61,342.0,1345.0,143.5,
1984-12,,,,27.0,2.57,320.0,1321.0,141.4,
1985-01,102.17337799072266,107.57417297363281,89.64749145507812,27.0,2.64,303.0,1359.0,147.6,
1985-02,117.10202026367188,126.4427261352539,96.60166931152344,28.2,2.71,299.0,1389.0,140.5,
1985-03,124.77815246582031,127.07085418701172,116.98727416992188,28.1,2.62,314.0,1390.0,140.9,
1985-04,87.92900085449219,94.64019775390625,73.75779724121094,27.9,2.64,327.0,1502.0,139.1,
1985-05,103.26284790039062,111.15978240966797,92.27672576904297,26.7,2.53,316.0,1531.0,122.7,
1985-06,148.78282165527344,134.65670776367188,174.1437530517578,26.5,2.58,317.0,1432.0,123.2,
1985-07,133.90542602539062,126.30107879638672,149.5423583984375,26.6,2.51,317.0,1475.0,117.8,
1985-08,82.78410339355469,75.26383972167969,84.87953186035156,27.2,2.47,330.0,1420.0,111.8,
1985-09,102.43449401855469,101.56950378417969,92.48631286621094,27.2,2.42,323.0,1366.0,111.2,
1985-10,105.99191284179688,91.34220886230469,118.73129272460938,27.9,2.37,326.0,1385.0,121.0,
1985-11,94.84818267822266,98.25837707519531,80.12213897705078,29.1,2.36,322.0,1370.0,131.7,
1985-12,96.4211654663086,80.3045654296875,111.21063232421875,25.9,2.28,322.0,1391.0,136.6,
1986-01,135.36074829101562,137.66831970214844,166.0226287841797,25.8,2.28,347.0,1418.0,135.4,
1986-02,98.75003051757812,84.02117919921875,114.81560516357422,17.6,2.26,339.0,1406.0,136.1,
1986-03,98.67667388916016,85.12946319580078,117.56116485595703,13.9,2.16,346.0,1445.0,139.5,
1986-04,148.31385803222656,142.49339294433594,182.87278747558594,12.5,2.1,340.0,1435.0,139.7,
1986-05,117.38924407958984,126.68498992919922,114.20220947265625,14.2,1.96,342.0,1419.0,119.2,
1986-06,96.29425048828125,106.94334411621094,80.0658187866211,11.9,1.85,343.0,1413.0,99.6,
1986-07,94.70178985595703,99.80805206298828,83.9753189086914,9.5,1.8,348.0,1344.0,100.1,
1986-08,103.34593963623047,104.75926971435547,99.84519958496094,13.7,1.77,377.0,1303.0,100.3,
1986-09,117.1078872680664,106.35902404785156,126.74607849121094,14.2,1.78,418.0,1347.0,102.3,
1986-10,96.79243469238281,109.01692199707031,77.40582275390625,13.8,1.73,424.0,1317.0,114.8,
1986-11,109.77281951904297,124.65135192871094,89.47162628173828,14.6,1.77,398.0,1303.0,118.1,
1986-12,89.75377655029297,93.46377563476562,78.10250091552734,15.9,1.76,391.0,1336.0,115.7,
1987-01,96.94281768798828,90.4955062866211,104.48915100097656,18.4,1.74,408.0,1346.0,117.4,
1987-02,100.683349609375,109.72402954101562,89.29598236083984,17.3,1.73,401.0,1380.0,115.7,
1987-03,89.60771942138672,105.55125427246094,67.09355163574219,17.9,1.73,409.0,1466.0,116.5,
1987-04,113.39408111572266,117.12814331054688,99.12645721435547,18.1,1.69,438.0,1484.0,113.1,
1987-05,98.65091705322266,97.37140655517578,95.23518371582031,18.8,1.65,460.0,1520.0,115.8,
1987-06,94.18240356445312,99.82925415039062,81.82940673828125,18.9,1.65,450.0,1572.0,102.2,
1987-07,98.87196350097656,107.52894592285156,88.26481628417969,19.8,1.66,451.0,1695.0,100.6,
1987-08,99.96844482421875,115.48031616210938,87.60133361816406,19.0,1.63,461.0,1756.0,101.7,
1987-09,121.16707611083984,143.4519805908203,97.5398178100586,18.4,1.56,460.0,1811.0,110.1,
1987-10,101.05858612060547,110.70101928710938,88.82691192626953,18.8,1.57,465.0,1967.0,113.5,
1987-11,96.15348815917969,110.79949951171875,75.88374328613281,17.8,1.64,468.0,2524.0,113.7,
1987-12,109.85638427734375,124.4972915649414,88.26872253417969,17.1,1.7,486.0,2869.0,124.9,
1988-01,83.20153045654297,87.14092254638672,72.89557647705078,16.9,1.96,477.0,2663.0,126.2,
1988-02,86.20614624023438,90.18925476074219,73.8230972290039,15.8,1.84,442.0,2330.0,125.3,
1988-03,110.20651245117188,105.9420166015625,109.30101776123047,14.8,1.7,444.0,2359.0,118.2,
1988-04,119.45051574707031,113.93638610839844,128.48338317871094,16.6,1.59,452.0,2286.0,122.9,
1988-05,104.87347412109375,106.54883575439453,97.1541748046875,16.4,1.52,451.0,2448.0,124.4,
1988-06,79.70812225341797,74.01183319091797,81.0764389038086,15.6,1.53,451.0,2540.0,139.6,
1988-07,83.43048095703125,70.79203796386719,96.27418518066406,14.9,1.56,438.0,2214.0,138.9,
1988-08,84.05416107177734,73.71106719970703,93.28092193603516,15.0,1.62,431.0,2201.0,145.9,
1988-09,74.84265899658203,72.93437957763672,74.3477783203125,13.3,1.53,413.0,2436.0,153.3,
1988-10,73.45023345947266,71.80867004394531,65.83024597167969,12.5,1.68,407.0,2940.0,162.9,
1988-11,68.79841613769531,55.85908508300781,77.55838012695312,13.0,1.76,420.0,3305.0,162.3,
1988-12,90.39871978759766,82.27973937988281,94.38412475585938,15.2,1.89,419.0,3499.0,168.9,
1989-01,89.24658966064453,89.09522247314453,82.81503295898438,17.0,1.78,404.0,3394.0,172.6,
1989-02,91.6185531616211,88.43746948242188,91.77456665039062,16.7,1.71,388.0,3097.0,164.2,
1989-03,87.73377227783203,79.90110778808594,93.08662414550781,18.7,1.49,390.0,3264.0,168.6,
1989-04,83.57909393310547,77.83438873291016,84.56328582763672,19.8,1.53,384.0,3118.0,161.4,
1989-05,103.82850646972656,116.75053405761719,80.26698303222656,18.4,1.66,371.0,2739.0,162.6,
1989-06,89.46155548095703,97.67894744873047,68.48663330078125,17.5,1.7,368.0,2546.0,151.9,
1989-07,84.75310516357422,84.32604217529297,78.8324966430664,17.8,1.64,375.0,2505.0,152.4,
1989-08,109.17729187011719,115.9572525024414,115.18624114990234,17.1,1.58,365.0,2762.0,153.4,
1989-09,85.54584503173828,79.4195785522461,88.94374084472656,17.8,1.53,362.0,2884.0,157.3,
1989-10,69.52467346191406,68.15611267089844,64.53548431396484,19.0,1.6,367.0,2861.0,160.5,
1989-11,92.8287124633789,71.7497329711914,112.52256774902344,19.2,1.9,394.0,2591.0,163.9,
1989-12,112.55352783203125,101.52501678466797,128.65443420410156,19.9,2.24,409.0,2419.0,166.5,
1990-01,81.5440444946289,76.01142120361328,80.72607421875,21.0,2.39,410.0,2367.0,163.0,
1990-02,77.40721130371094,81.10881042480469,65.3890380859375,19.9,1.9,417.0,2360.0,155.5,
1990-03,67.5919418334961,68.18672180175781,59.72285842895508,18.5,1.55,393.0,2626.0,153.3,
1990-04,81.64384460449219,97.97654724121094,54.79267120361328,16.8,1.49,374.0,2686.0,150.7,
1990-05,86.40711975097656,97.81657409667969,66.84378051757812,16.7,1.47,369.0,2742.0,133.5,
1990-06,79.68110656738281,72.84642028808594,80.65287780761719,15.7,1.47,352.0,2585.0,130.5,
1990-07,85.78742980957031,82.36925506591797,81.84713745117188,17.6,1.41,363.0,2769.0,119.6,
1990-08,250.45108032226562,353.76312255859375,128.2501983642578,27.1,1.36,395.0,2957.0,115.1,
1990-09,188.66053771972656,262.1236267089844,106.9548110961914,34.1,1.44,389.0,3031.0,108.5,
1990-10,143.85256958007812,172.9463653564453,105.10758972167969,36.1,1.69,381.0,2744.0,104.8,
1990-11,158.74354553222656,201.18106079101562,115.40345764160156,33.0,2.1,382.0,2586.0,106.4,
1990-12,153.1624298095703,194.64852905273438,103.18325805664062,28.0,2.11,377.0,2485.0,108.4,
1991-01,379.2497863769531,360.0328063964844,479.7158508300781,23.7,1.67,384.0,2449.0,107.1,
1991-02,339.3580322265625,253.7916259765625,490.27374267578125,19.4,1.36,364.0,2449.0,106.4,
1991-03,148.61831665039062,133.98248291015625,171.39544677734375,19.5,1.34,363.0,2410.0,116.2,
1991-04,97.760009765625,100.77496337890625,88.50554656982422,19.3,1.33,358.0,2472.0,117.1,
1991-05,88.56902313232422,95.45738983154297,79.06768798828125,19.3,1.31,357.0,2306.0,115.6,
1991-06,87.73383331298828,99.7988510131836,69.48858642578125,18.2,1.2,367.0,2219.0,118.2,
1991-07,115.18467712402344,144.65106201171875,84.731201171875,19.5,1.19,368.0,2236.0,116.2,
1991-08,113.49502563476562,133.4146728515625,87.34529113769531,19.8,1.31,356.0,2233.0,127.1,
1991-09,117.94219207763672,154.14364624023438,74.79663848876953,20.5,1.63,349.0,2325.0,137.6,
1991-10,100.8318099975586,122.6444320678711,77.95648193359375,22.2,1.77,359.0,2364.0,147.2,
1991-11,100.7423324584961,120.3302230834961,77.58206176757812,21.3,1.81,360.0,2380.0,147.0,
1991-12,103.96953582763672,135.23251342773438,58.747432708740234,18.4,1.92,362.0,2223.0,157.8,
1992-01,102.95763397216797,126.1564712524414,69.45668029785156,18.2,1.28,354.0,2139.0,167.3,
1992-02,87.2034683227539,101.0959701538086,62.860504150390625,18.1,1.21,354.0,2206.0,170.1,
1992-03,85.29731750488281,107.12957000732422,53.69252014160156,17.6,1.28,344.0,2227.0,161.4,
1992-04,85.85562133789062,92.64119720458984,74.40125274658203,19.0,1.47,339.0,2215.0,153.1,
1992-05,78.96814727783203,93.08229064941406,56.43539047241211,19.9,1.59,337.0,2217.0,139.7,
1992-06,93.84909057617188,124.33613586425781,49.73001480102539,21.2,1.56,341.0,2299.0,140.4,
1992-07,75.19676971435547,92.42886352539062,51.642940521240234,20.3,1.75,353.0,2520.0,129.9,
1992-08,81.64519500732422,87.55679321289062,70.1595230102539,19.8,1.97,343.0,2522.0,118.8,
1992-09,74.6097183227539,92.68926239013672,45.73872375488281,20.3,2.33,345.0,2414.0,131.5,
1992-10,68.18277740478516,71.33625793457031,58.99306106567383,20.3,2.42,344.0,2249.0,137.4,
1992-11,91.00899505615234,109.6229248046875,68.5569076538086,19.2,2.24,335.0,2158.0,145.8,
1992-12,83.42096710205078,97.29403686523438,60.88547134399414,18.2,2.16,335.0,2207.0,146.3,
1993-01,128.91807556152344,144.89353942871094,114.82777404785156,17.4,1.88,329.0,2257.0,156.9,
1993-02,90.46806335449219,105.26100158691406,64.63740539550781,18.5,1.69,329.0,2213.0,149.4,
1993-03,94.24144744873047,99.9146728515625,80.28809356689453,18.8,2.18,330.0,2153.0,145.5,
1993-04,112.72166442871094,144.0390167236328,72.71391296386719,18.7,2.35,342.0,1950.0,156.3,
1993-05,110.72975158691406,137.38629150390625,77.88386535644531,18.5,2.17,367.0,1795.0,140.1,
1993-06,104.19525146484375,125.46405029296875,73.33211517333984,17.7,1.97,372.0,1853.0,112.3,
1993-07,123.31478881835938,131.75840759277344,107.0821533203125,16.8,2.06,392.0,1927.0,116.8,
1993-08,97.2416763305664,97.08562469482422,94.7355728149414,16.7,2.26,379.0,1947.0,119.6,
1993-09,89.16477966308594,97.45659637451172,76.93018341064453,16.0,2.27,355.0,1862.0,115.7,
1993-10,106.16590881347656,130.3068084716797,65.22377014160156,16.6,2.02,364.0,1646.0,127.9,
1993-11,83.48017883300781,105.1309585571289,51.35593795776367,15.2,2.26,374.0,1630.0,136.4,
1993-12,79.55179595947266,97.06568145751953,50.134674072265625,13.6,2.34,383.0,1724.0,140.5,
1994-01,83.48997497558594,93.09183502197266,65.27042388916016,14.3,2.34,387.0,1805.0,152.7,
1994-02,117.2420654296875,148.14723205566406,76.48810577392578,13.8,2.71,382.0,1866.0,144.2,
1994-03,93.47403717041016,98.56234741210938,79.4195327758789,14.0,2.21,384.0,1915.0,133.5,
1994-04,95.35697174072266,116.44586181640625,68.70893859863281,15.2,2.04,377.0,1882.0,130.0,
1994-05,104.46678924560547,122.97669982910156,73.90620422363281,16.2,1.92,381.0,2151.0,125.3,
1994-06,120.35224151611328,148.2960662841797,79.9498519897461,16.8,1.9,386.0,2364.0,120.2,
1994-07,99.6402359008789,115.40325927734375,75.47087860107422,17.6,1.96,385.0,2458.0,119.5,
1994-08,98.2270278930664,122.92201232910156,66.64015197753906,16.8,1.66,380.0,2406.0,128.2,
1994-09,98.89848327636719,131.31796264648438,51.336830139160156,15.9,1.49,392.0,2506.0,142.1,
1994-10,94.85363006591797,118.89933776855469,64.50569152832031,16.4,1.51,390.0,2548.0,157.4,
1994-11,86.5298080444336,100.79308319091797,70.68946075439453,17.2,1.58,384.0,2802.0,152.4,
1994-12,96.04750061035156,107.74173736572266,81.61609649658203,16.0,1.72,379.0,2985.0,157.3,
1995-01,80.15467834472656,84.89913940429688,70.47705841064453,16.6,1.51,379.0,3009.0,153.0,
1995-02,76.87532806396484,72.59407043457031,77.14599609375,17.1,1.58,377.0,2878.0,149.7,
1995-03,82.24444580078125,79.15904235839844,79.87528991699219,17.0,1.54,382.0,2924.0,143.1,
1995-04,99.19087982177734,93.92303466796875,99.14794158935547,18.7,1.62,391.0,2904.0,140.7,
1995-05,87.842529296875,96.40919494628906,79.34961700439453,18.4,1.64,385.0,2773.0,143.3,
1995-06,104.60775756835938,121.57904815673828,85.1209487915039,17.4,1.62,388.0,2995.0,153.5,
1995-07,107.64541625976562,115.32476806640625,100.19744873046875,15.9,1.44,386.0,3076.0,173.4,
1995-08,106.93478393554688,118.4973373413086,100.7674560546875,16.1,1.56,384.0,3037.0,168.5,
1995-09,71.20516967773438,72.98401641845703,68.81755065917969,16.8,1.64,383.0,2916.0,185.6,
1995-10,67.74150085449219,64.2778091430664,69.12648010253906,16.1,1.77,383.0,2814.0,194.0,
1995-11,76.33349609375,78.8126220703125,69.86588287353516,16.9,2.04,385.0,2977.0,198.3,
1995-12,65.67205810546875,68.98201751708984,55.363800048828125,18.0,2.71,387.0,2926.0,205.3,
1996-01,75.63492584228516,73.66007995605469,79.68246459960938,17.9,2.93,399.0,2616.0,197.0,
1996-02,80.4209213256836,85.9759750366211,69.15779113769531,18.0,4.4,405.0,2538.0,204.0,
1996-03,82.14761352539062,77.89100646972656,84.08819580078125,20.0,2.95,396.0,2561.0,205.5,
1996-04,84.82862091064453,71.23197174072266,98.6463623046875,21.0,2.23,393.0,2596.0,247.5,
1996-05,65.53082275390625,59.1929931640625,68.71073913574219,19.1,2.24,392.0,2658.0,213.4,
1996-06,69.08858489990234,72.52593231201172,61.67017364501953,18.3,2.49,385.0,2173.0,180.6,
1996-07,80.64431762695312,74.90693664550781,85.2721939086914,19.6,2.48,383.0,1986.0,181.1,
1996-08,81.6876449584961,81.7337417602539,85.69389343261719,20.6,2.03,387.0,2009.0,175.0,
1996-09,88.19697570800781,87.04828643798828,92.83900451660156,22.6,1.84,383.0,1941.0,169.7,
1996-10,55.586830139160156,56.879756927490234,49.54435729980469,24.2,2.37,381.0,1961.0,158.4,
1996-11,57.34461212158203,58.0576171875,51.038421630859375,22.6,3.03,378.0,2231.0,158.2,
1996-12,74.98263549804688,80.17862701416016,66.17648315429688,23.9,3.82,369.0,2268.0,158.6,
1997-01,54.062435150146484,53.25782775878906,55.227325439453125,23.5,3.31,355.0,2435.0,154.0,
1997-02,50.559940338134766,54.501365661621094,43.509159088134766,20.8,2.22,347.0,2406.0,143.6,
1997-03,58.48006057739258,56.36629867553711,59.907318115234375,19.2,1.89,352.0,2421.0,153.8,
1997-04,62.844486236572266,62.37605667114258,61.28048324584961,17.5,2.03,344.0,2391.0,158.6,
1997-05,53.57601547241211,53.54428482055664,49.572898864746094,19.1,2.24,344.0,2514.0,152.7,
1997-06,39.045623779296875,36.68563461303711,38.63948059082031,17.6,2.2,341.0,2613.0,131.6,
1997-07,47.69842529296875,47.428409576416016,43.43375015258789,18.4,2.19,324.0,2450.0,127.8,
1997-08,48.582298278808594,46.30862808227539,49.42500305175781,18.7,2.47,324.0,2251.0,140.9,
1997-09,42.6890869140625,41.63934326171875,41.08793258666992,18.5,2.84,323.0,2107.0,143.2,
1997-10,49.746307373046875,58.68946075439453,34.460205078125,19.9,3.04,325.0,2052.0,143.7,
1997-11,59.6933708190918,79.03630828857422,32.765533447265625,19.0,3.02,306.0,1917.0,138.2,
1997-12,43.998268127441406,48.36233139038086,35.839134216308594,17.0,2.33,289.0,1762.0,135.7,
1998-01,53.0963020324707,59.82126998901367,42.487815856933594,15.1,2.1,289.0,1688.0,130.2,
1998-02,77.59761810302734,101.84082794189453,45.368019104003906,14.1,2.22,297.0,1665.0,127.3,
1998-03,57.24806213378906,65.50199890136719,44.5167121887207,13.1,2.23,296.0,1748.0,129.9,
1998-04,50.99658203125,58.76738357543945,38.00284957885742,13.4,2.42,308.0,1801.0,118.3,
1998-05,94.4734878540039,129.79888916015625,43.802757263183594,14.4,2.14,299.0,1733.0,112.3,
1998-06,76.30907440185547,94.95468139648438,48.77885437011719,12.1,2.17,292.0,1661.0,107.2,
1998-07,54.04841613769531,64.22628021240234,38.29932403564453,12.0,2.17,293.0,1651.0,96.8,
1998-08,97.02085876464844,83.93855285644531,123.8387451171875,11.9,1.85,284.0,1621.0,92.9,
1998-09,62.51344299316406,68.4769515991211,55.129615783691406,13.4,2.01,289.0,1648.0,96.3,
1998-10,54.403648376464844,57.89592742919922,48.27804183959961,12.6,1.89,296.0,1586.0,107.6,
1998-11,67.96592712402344,88.07134246826172,38.602264404296875,10.9,2.1,294.0,1574.0,115.3,
1998-12,75.95989227294922,86.2803955078125,64.999755859375,9.8,1.74,292.0,1474.0,104.1,
1999-01,63.98722457885742,69.46121215820312,53.77272033691406,11.1,1.86,287.0,1431.0,103.2,
1999-02,58.316383361816406,67.28399658203125,44.1739501953125,10.2,1.77,287.0,1411.0,95.0,
1999-03,83.39727783203125,89.73835754394531,75.18807983398438,12.5,1.79,286.0,1378.0,100.2,
1999-04,106.19801330566406,112.34139251708984,103.2333755493164,15.3,2.15,283.0,1466.0,99.7,
1999-05,85.44113159179688,89.3775634765625,80.67141723632812,15.1,2.25,276.0,1511.0,96.6,
1999-06,79.4105453491211,75.96134948730469,83.76152038574219,15.8,2.3,261.0,1422.0,92.9,
1999-07,62.14287185668945,66.83728790283203,54.25792694091797,19.0,2.31,256.0,1640.0,85.3,
1999-08,62.858642578125,65.2621078491211,57.959991455078125,20.2,2.79,257.0,1648.0,92.8,
1999-09,69.58151245117188,75.54266357421875,62.214027404785156,22.4,2.54,265.0,1750.0,102.1,
1999-10,72.35348510742188,79.38410949707031,60.16195297241211,22.0,2.72,311.0,1724.0,98.7,
1999-11,57.9638671875,60.38698196411133,52.49796676635742,24.6,2.36,293.0,1728.0,96.9,
1999-12,86.0849380493164,95.51082611083984,86.46973419189453,25.6,2.36,283.0,1765.0,92.1,
2000-01,64.45780944824219,65.57360076904297,64.25041198730469,25.4,2.42,284.0,1844.0,98.6,
2000-02,63.54172134399414,57.65135955810547,68.08216857910156,27.7,2.65,300.0,1801.0,100.1,
2000-03,50.101985931396484,55.03073501586914,40.81640625,27.5,2.79,286.0,1739.0,97.2,
2000-04,48.6827392578125,53.30490493774414,40.91702651977539,22.5,3.03,280.0,1679.0,95.2,
2000-05,79.48287963867188,77.26969909667969,83.22781372070312,27.3,3.58,275.0,1786.0,104.3,
2000-06,64.71781921386719,73.57466888427734,53.174400329589844,29.7,4.28,286.0,1753.0,99.3,
2000-07,51.904022216796875,57.31697463989258,41.059078216552734,28.5,3.96,282.0,1799.0,91.2,
2000-08,46.49225616455078,49.192291259765625,41.58592224121094,29.4,4.41,274.0,1856.0,90.9,
2000-09,52.689998626708984,64.44499206542969,35.192142486572266,32.6,5.06,274.0,1960.0,97.9,
2000-10,76.45652770996094,82.38760375976562,77.61014556884766,30.9,5.02,270.0,1899.0,104.3,
2000-11,45.06056213378906,44.357688903808594,47.206809997558594,32.5,5.55,266.0,1795.0,103.2,
2000-12,45.39509963989258,46.16897964477539,43.98335266113281,25.1,8.95,271.0,1851.0,105.0,
2001-01,46.89955520629883,53.70235824584961,38.343318939208984,25.6,8.17,265.0,1788.0,110.4,
2001-02,55.087711334228516,63.68989181518555,45.426673889160156,27.4,5.63,262.0,1766.0,106.7,
2001-03,61.708953857421875,66.72218322753906,56.86698913574219,24.4,5.16,263.0,1739.0,103.5,
2001-04,50.5687370300293,52.7736701965332,47.17219924926758,25.6,5.17,260.0,1664.0,101.1,
2001-05,60.376861572265625,61.344993591308594,56.86418914794922,28.5,4.21,272.0,1682.0,102.6,
2001-06,72.06433868408203,79.31310272216797,64.2144775390625,27.7,3.71,270.0,1608.0,97.4,
2001-07,61.072940826416016,65.49278259277344,52.618770599365234,24.5,3.1,268.0,1525.0,108.0,
2001-08,64.10773468017578,55.23207473754883,74.89220428466797,25.7,2.95,272.0,1464.0,105.9,113.6588233498966
2001-09,498.64788818359375,260.16961669921875,841.177490234375,25.5,2.15,283.0,1426.0,107.6,113.30375051498413
2001-10,512.5297241210938,261.347412109375,854.074951171875,20.5,2.45,283.0,1377.0,115.0,114.21000007961108
2001-11,306.785888671875,149.79522705078125,509.7461242675781,18.9,2.36,276.0,1428.0,116.4,116.00772718949752
2001-12,236.09974670410156,126.19801330566406,381.9725036621094,18.6,2.41,276.0,1472.0,118.2,116.20500106811524
2002-01,172.47720336914062,106.9162368774414,262.2870178222656,19.5,2.25,282.0,1504.0,121.7,117.76363684914328
2002-02,146.1857147216797,95.78031158447266,212.90550231933594,20.3,2.31,296.0,1562.0,113.4,118.96650123596191
2002-03,151.9763641357422,99.12334442138672,219.96884155273438,23.7,3.03,294.0,1605.0,116.6,117.93600044250488
2002-04,157.49655151367188,100.74444580078125,225.64035034179688,25.7,3.42,303.0,1590.0,113.0,116.88272718949752
2002-05,163.3223114013672,142.246826171875,209.40878295898438,25.4,3.49,314.0,1596.0,110.9,113.37217380689538
2002-06,149.33042907714844,127.7907485961914,189.1234893798828,24.1,3.22,321.0,1648.0,115.4,109.6504997253418
2002-07,122.7783432006836,94.34967803955078,168.41973876953125,25.8,2.98,313.0,1589.0,123.5,105.9573918218198
2002-08,127.06451416015625,101.69573974609375,157.46444702148438,26.6,3.09,310.0,1480.0,130.1,107.3899997364391
2002-09,174.90333557128906,174.5314483642578,188.7191925048828,28.3,3.57,319.0,1479.0,151.8,107.3029998779297
2002-10,172.03192138671875,167.02581787109375,197.39906311035156,27.5,4.12,317.0,1484.0,156.8,107.53043531334919
2002-11,159.12759399414062,155.0137481689453,179.06283569335938,24.2,4.04,319.0,1582.0,160.0,105.67523847307477
2002-12,175.8117218017578,182.9995574951172,175.19842529296875,28.5,4.74,332.0,1596.0,146.2,104.23285747709728
2003-01,206.43460083007812,245.8175506591797,176.95985412597656,31.2,5.41,357.0,1648.0,137.5,100.82762037004743
2003-02,239.61093139648438,296.7597961425781,213.080322265625,32.6,7.77,359.0,1684.0,140.8,99.85894735235917
2003-03,358.711181640625,362.41107177734375,429.1441955566406,30.3,5.95,341.0,1659.0,129.4,99.7509522210984
2003-04,255.77517700195312,212.60545349121094,331.6032409667969,25.0,5.29,328.0,1587.0,125.8,99.4047619047619
2003-05,162.1218719482422,153.3962860107422,186.8463592529297,25.8,5.84,356.0,1648.0,129.2,94.43571472167969
2003-06,145.7697296142578,127.83353424072266,176.91827392578125,27.5,5.77,356.0,1687.0,126.3,93.5414294288272
2003-07,134.89891052246094,108.3927993774414,167.4486541748047,28.4,5.01,351.0,1710.0,129.0,95.6369569197945
2003-08,138.23092651367188,109.64905548095703,180.0001220703125,29.8,4.97,360.0,1760.0,144.2,97.22857266380673
2003-09,118.19628143310547,99.72046661376953,143.5571746826172,27.1,4.61,379.0,1790.0,138.4,95.81909040971236
2003-10,108.3173828125,93.02832794189453,129.9432830810547,29.6,4.64,379.0,1921.0,142.8,92.07608728823455
2003-11,118.0866928100586,93.33158874511719,153.246337890625,28.8,4.53,390.0,2055.0,160.9,91.93789472078022
2003-12,129.46507263183594,107.44403839111328,164.98052978515625,29.9,6.13,407.0,2201.0,158.8,88.40454448353161
2004-01,113.46759033203125,106.71729278564453,126.08518981933594,31.2,6.09,414.0,2424.0,155.9,86.44142841157459
2004-02,115.07597351074219,104.11482238769531,129.24427795410156,30.9,5.38,405.0,2760.0,157.5,86.34749870300293
2004-03,138.53207397460938,109.12393951416016,183.70297241210938,33.8,5.4,407.0,3009.0,156.5,88.45782570216967
2004-04,149.6313934326172,121.14622497558594,205.3251953125,33.4,5.72,403.0,2949.0,157.2,89.83619072323754
2004-05,121.0911865234375,91.96539306640625,159.94842529296875,37.9,6.34,384.0,2734.0,148.3,90.54899940490722
2004-06,137.23391723632812,106.79373931884766,178.03662109375,35.2,6.27,392.0,2687.0,137.2,89.15500016645952
2004-07,131.0198516845703,121.26777648925781,159.81219482421875,38.4,5.93,398.0,2808.0,131.6,88.33636370572177
2004-08,140.36582946777344,127.44524383544922,176.45431518554688,43.0,5.4,401.0,2846.0,129.1,88.87590928511186
2004-09,153.87161254882812,130.20606994628906,189.355224609375,43.4,5.14,405.0,2895.0,138.2,88.65545515580611
2004-10,119.86279296875,100.50788116455078,148.24447631835938,49.8,6.41,420.0,3012.0,141.4,86.87809426443917
2004-11,122.70738983154297,98.92665100097656,151.67926025390625,43.1,6.09,439.0,3123.0,140.8,83.598182331432
2004-12,109.89522552490234,81.60477447509766,145.225341796875,39.6,6.58,442.0,3145.0,139.5,81.56913027556047
2005-01,100.88758850097656,78.19856262207031,128.5348663330078,44.3,6.15,424.0,3170.0,142.5,83.11190468924386
2005-02,108.97796630859375,104.7703628540039,108.79598236083984,45.6,6.14,423.0,3254.0,141.6,83.72349967956544
2005-03,90.41048431396484,87.22633361816406,87.87673950195312,53.1,6.97,434.0,3379.0,152.2,82.83636335893111
2005-04,87.03240203857422,72.53263092041016,102.85391235351562,51.9,7.15,429.0,3394.0,132.1,84.26714288620721
2005-05,98.20596313476562,89.93269348144531,104.9098892211914,48.7,6.47,422.0,3249.0,133.1,85.62809499104817
2005-06,81.12405395507812,69.88249969482422,93.41752624511719,54.3,7.19,431.0,3524.0,131.1,88.44227253306995
2005-07,165.90191650390625,118.1835708618164,237.5650177001953,57.6,7.63,424.0,3614.0,130.9,89.69666617257255
2005-08,116.2276611328125,92.68307495117188,143.29122924804688,64.1,9.63,438.0,3798.0,131.8,87.94086987039317
2005-09,103.80766296386719,78.45670318603516,130.27203369140625,63.0,12.88,456.0,3858.0,128.2,88.08000001453217
2005-10,87.06182861328125,73.18765258789062,105.56188201904297,58.5,13.52,470.0,4060.0,135.3,89.72190420968192
2005-11,83.48009490966797,70.60446166992188,96.02958679199219,55.5,10.43,477.0,4269.0,132.3,91.49190557570685
2005-12,95.35025024414062,69.64460754394531,130.6789093017578,56.7,12.83,510.0,4577.0,137.6,90.91619037446522
2006-01,94.51001739501953,89.32347106933594,100.19158172607422,63.6,8.66,550.0,4734.0,144.2,89.03099975585937
2006-02,95.85819244384766,89.40576171875,102.79864501953125,59.9,7.49,555.0,4982.0,149.2,90.3526322214227
2006-03,92.79762268066406,88.04222869873047,97.03602600097656,62.3,6.9,557.0,5103.0,142.7,89.96695642885955
2006-04,89.01580047607422,85.9110107421875,92.8307113647461,70.4,7.09,611.0,6388.0,140.8,88.409473619963
2006-05,85.20877838134766,84.03312683105469,82.27742767333984,70.2,6.2,675.0,8046.0,150.9,84.85727240822531
2006-06,102.57276916503906,90.38453674316406,115.67947387695312,68.9,6.19,596.0,7198.0,140.1,85.76590902155095
2006-07,137.13482666015625,134.39634704589844,142.0860595703125,73.9,6.25,634.0,7712.0,143.9,85.8930004119873
2006-08,147.08111572265625,141.55645751953125,159.18817138671875,73.6,7.0,633.0,7696.0,148.4,85.04521743110989
2006-09,111.72425842285156,110.28041076660156,114.77066802978516,62.8,4.86,598.0,7602.0,166.9,85.60449981689453
2006-10,113.13529968261719,125.2918930053711,99.27391815185547,58.4,5.96,586.0,7500.0,197.8,86.34272592717952
2006-11,88.77892303466797,87.27577209472656,86.71051025390625,58.5,7.45,628.0,7029.0,192.9,84.84454553777522
2006-12,90.60655975341797,95.78137969970703,78.7696533203125,62.3,6.58,630.0,6675.0,189.8,83.35550041198731
2007-01,97.9200439453125,95.61344909667969,97.65373992919922,54.3,6.58,631.0,5670.0,176.0,84.78047579810733
2007-02,96.16935729980469,98.1557388305664,90.95567321777344,57.8,7.97,665.0,5676.0,176.5,84.40631585372121
2007-03,87.33650207519531,86.1521224975586,83.9186019897461,62.1,7.12,655.0,6452.0,168.5,83.48409063165838
2007-04,76.6133804321289,69.22551727294922,83.41928100585938,67.4,7.59,679.0,7766.0,175.3,82.14999961853027
2007-05,92.5995864868164,82.30323028564453,103.89258575439453,67.5,7.61,667.0,7681.0,180.8,82.10999991677024
2007-06,97.9723129272461,87.08059692382812,109.30941009521484,71.3,7.3,656.0,7474.0,205.0,82.46619015648251
2007-07,112.34625244140625,103.2634048461914,127.13468170166016,77.2,6.22,665.0,7973.0,225.6,80.77857099260602
2007-08,83.17320251464844,73.12574005126953,100.14825439453125,70.8,6.2,665.0,7514.0,253.9,80.93478260869566
2007-09,94.4888687133789,94.93997955322266,92.24872589111328,77.1,6.1,713.0,7649.0,323.0,79.30210515072471
2007-10,101.47301483154297,103.61026763916016,97.49516296386719,82.9,6.8,755.0,8008.0,325.5,77.84782575524372
2007-11,89.79544830322266,95.73847961425781,81.56842803955078,92.5,7.14,806.0,6967.0,307.7,75.66904740106492
2007-12,94.96749114990234,98.5313720703125,84.13076782226562,91.5,7.15,803.0,6588.0,345.3,76.76400032043458
2008-01,81.49982452392578,76.40237426757812,83.74764251708984,91.9,8.0,890.0,7061.0,343.8,75.90428597586495
2008-02,80.75146484375,72.52851104736328,86.75279235839844,94.8,8.55,922.0,7888.0,388.7,75.67050018310547
2008-03,77.63613891601562,72.02967834472656,83.48439025878906,103.3,9.4,968.0,8439.0,419.6,72.45350036621093
2008-04,71.9048080444336,69.45796966552734,69.99274444580078,110.2,10.13,910.0,8685.0,323.4,72.11681851473722
2008-05,72.57379913330078,70.67774963378906,74.78978729248047,123.9,11.23,889.0,8383.0,255.1,72.91238076346261
2008-06,87.54842376708984,88.88606262207031,80.34490203857422,133.0,12.68,889.0,8261.0,254.7,73.17952364966983
2008-07,89.73957061767578,84.3224868774414,88.16068267822266,133.9,11.15,940.0,8414.0,245.4,72.53727236661044
2008-08,88.55410766601562,75.76971435546875,105.06571197509766,113.8,8.25,839.0,7635.0,255.4,76.0614278884161
2008-09,88.54255676269531,82.01426696777344,94.46100616455078,99.1,7.69,830.0,6991.0,223.8,78.26428513299851
2008-10,64.15979766845703,53.11738967895508,75.28266143798828,72.8,6.73,807.0,4926.0,185.9,83.11173944887908
2008-11,79.08097076416016,68.30364990234375,95.14356231689453,53.2,6.67,761.0,3717.0,183.0,86.43210561651932
2008-12,92.3664321899414,83.84313201904297,109.21497344970703,41.6,5.79,816.0,3072.0,179.3,83.10499988902698
2009-01,85.36947631835938,86.31317138671875,89.7125473022461,44.9,5.24,859.0,3221.0,195.1,84.12249946594238
2009-02,67.45267486572266,64.77291107177734,64.58635711669922,43.2,4.52,943.0,3315.0,183.4,86.55263198049445
2009-03,72.64462280273438,69.17710876464844,74.83297729492188,46.8,3.95,924.0,3750.0,183.7,86.45818224820223
2009-04,85.6884994506836,84.48536682128906,83.98128509521484,50.8,3.5,890.0,4407.0,182.6,85.25142887660435
2009-05,89.68086242675781,86.63702392578125,92.64315032958984,57.9,3.81,929.0,4569.0,202.5,82.16100006103515
2009-06,81.10958862304688,80.80081939697266,74.5913314819336,68.6,3.8,946.0,5014.0,201.7,80.09318161010742
2009-07,83.43962097167969,82.10675048828125,80.12088012695312,64.9,3.39,934.0,5216.0,175.6,79.48909065940164
2009-08,73.37187957763672,64.70917510986328,78.04385375976562,72.5,3.15,949.0,6165.0,161.7,78.44857134137835
2009-09,92.8399887084961,97.492919921875,77.7846450805664,67.7,2.96,997.0,6196.0,158.4,77.0076192220052
2009-10,90.57640075683594,88.22991180419922,90.4251480102539,73.2,4.02,1043.0,6288.0,175.6,76.01181827891956
2009-11,82.10176086425781,74.31538391113281,85.0097885131836,77.0,3.69,1127.0,6676.0,204.7,75.33699989318848
2009-12,92.94691467285156,89.34334564208984,95.87136840820312,74.7,5.37,1135.0,6982.0,206.5,76.78999987515536
2010-01,91.58102416992188,84.97299194335938,100.41094207763672,76.4,5.81,1118.0,7386.0,198.8,77.840526380037
2010-02,80.72535705566406,78.84627532958984,80.71173858642578,74.3,5.34,1095.0,6848.0,191.8,80.15578942549855
2010-03,74.116943359375,73.49691009521484,70.03934478759766,79.3,4.29,1113.0,7463.0,190.0,80.67130445397419
2010-04,88.76158142089844,92.05691528320312,81.26840209960938,85.0,4.01,1149.0,7745.0,187.8,81.23285747709728
2010-05,88.95870971679688,87.49411010742188,85.85739135742188,76.3,4.16,1205.0,6838.0,190.3,85.3615005493164
2010-06,96.45369720458984,110.69171905517578,70.9886245727539,74.8,4.79,1233.0,6499.0,182.6,86.5750004161488
2010-07,79.38137817382812,75.18537902832031,84.04823303222656,74.7,4.63,1193.0,6735.0,222.3,83.07047562372117
2010-08,80.99386596679688,71.95153045654297,85.98257446289062,76.7,4.31,1216.0,7284.0,261.6,82.14909120039506
2010-09,71.16854858398438,68.94754028320312,69.29395294189453,77.8,3.9,1271.0,7709.0,276.3,81.08333297002883
2010-10,65.99193572998047,62.0961799621582,76.16891479492188,82.9,3.43,1342.0,8292.0,267.5,77.45999944777716
2010-11,94.70516967773438,98.68914794921875,83.2665023803711,85.7,3.73,1370.0,8470.0,278.5,78.37571461995442
2010-12,97.20389556884766,100.3976821899414,91.7621078491211,91.8,4.24,1391.0,9147.0,308.6,80.04909133911133
2011-01,79.42161560058594,76.59356689453125,78.8069839477539,96.3,4.49,1360.0,9556.0,320.4,79.146000289917
2011-02,90.01448822021484,90.18933868408203,85.48683166503906,104.0,4.07,1375.0,9868.0,338.8,77.78263172350432
2011-03,136.8883056640625,126.96572875976562,157.47984313964844,114.4,3.97,1423.0,9503.0,303.1,76.28956604003906
2011-04,91.01776885986328,72.92317962646484,111.94474029541016,123.1,4.24,1481.0,9493.0,314.9,74.72449989318848
2011-05,105.34491729736328,95.50663757324219,123.82610321044922,114.5,4.31,1513.0,8960.0,308.6,74.94142841157459
2011-06,84.391845703125,71.39112854003906,98.27275848388672,113.8,4.55,1529.0,9067.0,282.2,74.6936361139471
2011-07,78.92475891113281,59.019046783447266,102.11175537109375,116.5,4.41,1573.0,9650.0,266.4,74.75699958801269
2011-08,86.95156860351562,63.504676818847656,112.49906158447266,110.1,4.05,1759.0,9001.0,277.6,74.23652184527853
2011-09,83.35044860839844,70.606689453125,95.26744079589844,110.9,3.9,1772.0,8300.0,267.5,76.990476335798
2011-10,76.33993530273438,64.18510437011719,92.34331512451172,109.5,3.57,1666.0,7394.0,253.5,77.15428524925595
2011-11,83.15767669677734,95.57453155517578,70.11003875732422,110.5,3.24,1739.0,7581.0,253.2,77.89142899286179
2011-12,85.34132385253906,88.89408111572266,77.47647857666016,107.9,3.16,1640.0,7565.0,244.7,79.61142803373791
2012-01,79.63497161865234,93.6095962524414,62.06843185424805,111.2,2.68,1654.0,8040.0,253.9,80.2680004119873
2012-02,92.4458236694336,104.2074966430664,78.59986114501953,119.7,2.52,1745.0,8441.0,263.1,78.93149948120117
2012-03,88.75997924804688,87.85648345947266,85.85698699951172,124.9,2.17,1676.0,8471.0,259.8,79.53681807084517
2012-04,96.01668548583984,101.92078399658203,86.38436889648438,120.5,1.95,1649.0,8289.0,254.6,79.40150032043456
2012-05,78.17115783691406,80.6348876953125,69.74354553222656,110.5,2.44,1589.0,7956.0,251.3,80.92545491998845
2012-06,77.82243347167969,70.23216247558594,82.17473602294922,95.6,2.46,1599.0,7423.0,249.5,82.22047714960007
2012-07,82.80802154541016,79.33626556396484,91.00080108642578,103.1,2.95,1594.0,7584.0,323.0,83.06761896042596
2012-08,74.87835693359375,70.9891586303711,78.11161804199219,113.3,2.84,1630.0,7516.0,333.7,82.16000034498131
2012-09,69.28050994873047,68.40282440185547,65.87126159667969,113.4,2.84,1745.0,8088.0,343.6,79.8142109921104
2012-10,81.66366577148438,74.20600891113281,88.03089904785156,112.0,3.32,1747.0,8062.0,340.2,79.70809500558036
2012-11,81.38964080810547,75.65846252441406,89.04841613769531,109.7,3.54,1722.0,7711.0,346.5,80.68523842947823
2012-12,74.83155822753906,66.24052429199219,82.9786148071289,109.7,3.34,1685.0,7966.0,325.2,79.75849990844726
2013-01,90.6574935913086,84.139892578125,108.9493179321289,113.0,3.33,1672.0,8047.0,309.0,79.87333279564267
2013-02,81.59033203125,77.60531616210938,85.65817260742188,116.5,3.33,1628.0,8061.0,298.0,80.60526315789474
2013-03,75.89672088623047,81.89175415039062,69.39681243896484,109.2,3.81,1593.0,7646.0,285.9,82.6254997253418
2013-04,95.10787200927734,99.5219497680664,87.4727554321289,102.9,4.17,1488.0,7234.0,278.1,82.52500048550692
2013-05,83.71731567382812,75.3292236328125,98.22759246826172,103.0,4.04,1414.0,7249.0,279.3,83.2136362249201
2013-06,82.97300720214844,78.82188415527344,86.63420104980469,103.1,3.83,1343.0,7000.0,268.2,81.85049972534179
2013-07,73.97581481933594,71.55718994140625,72.67587280273438,107.7,3.62,1286.0,6907.0,260.9,82.7895462729714
2013-08,90.95674896240234,80.73957824707031,106.97908782958984,111.0,3.43,1352.0,7193.0,252.4,81.48181776566939
2013-09,100.4593276977539,100.38423156738281,100.16348266601562,111.6,3.62,1349.0,7159.0,259.8,81.15949897766113
2013-10,72.95311737060547,65.50166320800781,78.73002624511719,109.5,3.67,1317.0,7203.0,287.7,79.86652175239895
2013-11,77.77902221679688,92.4988784790039,52.43838119506836,108.1,3.62,1276.0,7071.0,274.4,80.84400024414063
2013-12,70.37248992919922,70.09461212158203,66.79072570800781,110.7,4.24,1222.0,7215.0,267.0,80.30666605631511
2014-01,77.91596984863281,70.48076629638672,83.1458969116211,107.4,4.7,1244.0,7291.0,246.5,80.8095241728283
2014-02,69.00352478027344,73.27865600585938,59.08655548095703,108.8,5.97,1300.0,7149.0,258.7,80.4573685495477
2014-03,119.83855438232422,151.67477416992188,74.0618896484375,107.4,4.88,1336.0,6650.0,286.9,79.87047685895648
2014-04,93.22154235839844,113.13993072509766,60.90629959106445,107.8,4.63,1298.0,6674.0,277.1,79.85333360944476
2014-05,83.4288558959961,91.6987533569336,76.15043640136719,109.7,4.56,1289.0,6891.0,277.2,79.9490472702753
2014-06,98.76710510253906,95.32296752929688,107.18201446533203,111.9,4.57,1279.0,6821.0,236.6,80.442382085891
2014-07,138.7539520263672,162.71510314941406,118.54683685302734,107.0,4.01,1311.0,7113.0,218.3,80.54772637107156
2014-08,136.44558715820312,158.59349060058594,112.11448669433594,101.9,3.88,1295.0,7002.0,220.4,81.86380949474517
2014-09,131.55665588378906,143.3953857421875,120.78192138671875,97.3,3.92,1237.0,6872.0,202.8,84.45904795328777
2014-10,83.66100311279297,86.33345031738281,77.19393157958984,87.3,3.77,1222.0,6737.0,220.1,85.67043470299762
2014-11,84.38005065917969,88.46994018554688,76.33753204345703,78.4,4.1,1175.0,6713.0,236.0,87.72842085988898
2014-12,86.5262222290039,81.27322387695312,96.23736572265625,62.3,3.43,1201.0,6446.0,261.8,89.1568173495206
2015-01,111.9856948852539,83.50390625,153.33984375,48.1,2.97,1251.0,5831.0,231.5,92.9770004272461
2015-02,111.92469787597656,118.22520446777344,107.79053497314453,57.9,2.85,1227.0,5729.0,219.8,94.45789337158203
2015-03,104.23526763916016,117.48873138427734,83.63285064697266,55.8,2.8,1179.0,5940.0,218.8,97.87818249789152
2015-04,102.19049072265625,110.18872833251953,95.08645629882812,59.4,2.58,1199.0,6042.0,209.7,97.59190477643695
2015-05,76.2623291015625,77.66873168945312,72.86188507080078,64.6,2.84,1199.0,6295.0,200.8,95.1920009613037
2015-06,85.90596771240234,81.06608581542969,88.7894287109375,62.3,2.77,1182.0,5833.0,205.0,95.17000024968928
2015-07,106.80866241455078,120.84297180175781,86.16881561279297,55.9,2.83,1128.0,5457.0,207.4,96.96227299083363
2015-08,82.47853088378906,85.33859252929688,74.0282974243164,47.0,2.76,1118.0,5127.0,187.9,96.37809499104817
2015-09,98.7674560546875,115.88518524169922,79.34535217285156,47.2,2.65,1125.0,5217.0,194.0,95.75809515090216
2015-10,91.931884765625,79.726318359375,108.51441955566406,48.1,2.32,1159.0,5216.0,206.3,95.71409086747603
2015-11,150.71588134765625,113.04398345947266,213.99351501464844,44.4,2.08,1086.0,4800.0,203.4,99.03300056457519
2015-12,148.23687744140625,115.224365234375,204.6312713623047,37.7,1.92,1076.0,4639.0,192.0,98.33409049294211
2016-01,118.21114349365234,124.23914337158203,109.52909851074219,30.8,2.27,1098.0,4472.0,191.7,99.02300033569335
2016-02,103.74964904785156,91.322021484375,117.58201599121094,33.2,1.96,1200.0,4599.0,188.4,97.09550018310547
2016-03,109.72029113769531,98.02693176269531,127.76814270019531,39.1,1.7,1245.0,4954.0,189.7,96.25954506613992
2016-04,85.22145080566406,80.82244110107422,93.12298583984375,42.3,1.9,1242.0,4873.0,192.8,94.403809320359
2016-05,88.3324203491211,84.46136474609375,93.63965606689453,47.1,1.92,1261.0,4695.0,189.9,94.52190471830822
2016-06,90.16812896728516,80.51286315917969,100.85737609863281,48.5,2.57,1276.0,4642.0,187.0,94.67227207530628
2016-07,114.6104507446289,97.0980453491211,145.14874267578125,45.1,2.79,1337.0,4865.0,166.5,96.57250061035157
2016-08,98.73848724365234,82.44046783447266,121.45369720458984,46.1,2.79,1340.0,4752.0,159.3,95.38000023883322
2016-09,104.54522705078125,95.48959350585938,121.15049743652344,46.2,2.97,1327.0,4722.0,157.6,95.46523757207962
2016-10,85.74778747558594,79.64808654785156,100.30767822265625,49.7,2.95,1267.0,4731.0,164.4,97.73899917602539
2016-11,82.91875457763672,81.22564697265625,83.97505950927734,46.4,2.5,1238.0,5451.0,167.3,99.7055004119873
2016-12,102.18046569824219,93.9366226196289,113.97946166992188,54.1,3.58,1157.0,5660.0,161.2,102.01333254859561
2017-01,105.20123291015625,108.2770004272461,103.17117309570312,54.9,3.26,1192.0,5755.0,173.6,101.12199974060059
2017-02,114.20635986328125,125.66468048095703,97.15160369873047,55.5,2.82,1234.0,5941.0,181.0,100.69105329011616
2017-03,96.63587951660156,95.83842468261719,95.67454528808594,52.0,2.89,1231.0,5825.0,176.5,100.75912973155145
2017-04,119.45992279052734,127.44654846191406,108.06884002685547,53.0,3.08,1267.0,5684.0,172.2,100.04526278847142
2017-05,102.57996368408203,102.35460662841797,99.70480346679688,50.9,3.12,1246.0,5600.0,175.0,98.26863653009588
2017-06,126.78901672363281,113.16846466064453,146.67166137695312,46.9,2.94,1260.0,5720.0,183.4,96.94863683527166
2017-07,102.81346130371094,125.59920501708984,71.9550552368164,48.7,2.96,1237.0,5985.0,201.8,94.8610008239746
2017-08,138.5316162109375,160.02310180664062,108.43595123291016,51.4,2.88,1283.0,6486.0,172.7,93.17608642578125
2017-09,115.5344467163086,142.1448974609375,84.09626770019531,55.2,2.96,1314.0,6577.0,176.9,92.32400054931641
2017-10,91.4615707397461,109.23060607910156,69.15699768066406,57.6,2.86,1280.0,6808.0,177.0,93.71954484419389
2017-11,92.59601593017578,103.94397735595703,80.11587524414062,62.6,2.99,1282.0,6827.0,175.7,93.9971440633138
2017-12,82.71825408935547,95.908447265625,62.65747833251953,64.2,2.76,1264.0,6834.0,172.5,93.38800010681152
2018-01,92.42678833007812,107.64431762695312,75.66629028320312,69.0,3.86,1331.0,7066.0,178.3,90.74476187569755
2018-02,64.49137115478516,74.68311309814453,52.002201080322266,65.4,2.67,1331.0,7007.0,190.6,89.73052617123253
2018-03,111.96229553222656,146.9270782470703,64.55758666992188,66.5,2.7,1325.0,6799.0,198.9,89.87619127546039
2018-04,123.26347351074219,146.39566040039062,94.30585479736328,71.6,2.78,1335.0,6852.0,198.8,90.2933327811105
2018-05,125.66661834716797,172.21670532226562,63.21790313720703,76.7,2.8,1303.0,6825.0,209.9,93.29954598166726
2018-06,103.96858978271484,137.0244598388672,56.64043426513672,75.2,2.95,1282.0,6966.0,206.0,94.37714276994977
2018-07,110.02842712402344,129.1023406982422,84.4084701538086,74.4,2.83,1238.0,6251.0,206.9,94.59761919294085
2018-08,112.74168395996094,145.11407470703125,68.57559204101562,73.1,2.96,1202.0,6051.0,217.4,95.48173954175866
2018-09,75.05390930175781,88.62364196777344,51.163917541503906,78.9,2.98,1198.0,6051.0,202.0,94.73947464792352
2018-10,92.0164794921875,115.21215057373047,61.150474548339844,80.5,3.28,1215.0,6220.0,209.1,95.85260938561481
2018-11,80.40758514404297,105.16685485839844,47.40216827392578,65.2,4.13,1221.0,6196.0,210.8,96.76142883300781
2018-12,90.607666015625,106.06269836425781,66.24092864990234,56.5,3.98,1250.0,6075.0,217.8,96.87578984310753
2019-01,87.42410278320312,112.98045349121094,55.7335090637207,59.3,3.08,1292.0,5939.0,220.2,95.93761880057198
2019-02,96.80016326904297,127.857421875,57.51169967651367,64.1,2.72,1320.0,6300.0,217.2,96.45842100444592
2019-03,82.32829284667969,90.78959655761719,66.64120483398438,66.4,2.94,1301.0,6439.0,200.4,96.78285689581008
2019-04,79.25344848632812,95.45539855957031,57.51552963256836,71.2,2.65,1286.0,6438.0,197.3,97.35857173374721
2019-05,106.4719009399414,134.97251892089844,64.66343688964844,70.5,2.63,1284.0,6018.0,200.3,97.74181782115589
2019-06,106.58845520019531,142.6534881591797,53.42063903808594,63.3,2.4,1359.0,5882.0,222.4,96.80450057983398
2019-07,93.52125549316406,126.93077850341797,47.41885757446289,64.0,2.36,1413.0,5941.0,204.0,97.36590922962536
2019-08,103.4044189453125,124.72541809082031,70.09744262695312,59.3,2.22,1500.0,5709.0,197.5,98.00454503839666
2019-09,90.36798858642578,110.8709487915039,67.81023406982422,62.3,2.58,1511.0,5759.0,201.9,98.59999961853028
2019-10,97.83673095703125,121.31104278564453,69.96658325195312,59.4,2.33,1495.0,5757.0,212.8,98.1730436242145
2019-11,73.07838439941406,84.5873031616211,53.03253173828125,62.7,2.65,1471.0,5860.0,223.5,98.06499977111817
2019-12,74.27989196777344,80.11077117919922,63.33135223388672,65.9,2.24,1479.0,6077.0,237.7,97.37666684105282
2020-01,138.4209442138672,190.8443603515625,81.65093994140625,63.6,2.03,1561.0,6031.0,248.0,97.43619028727214
2020-02,75.95555877685547,87.1624526977539,56.68605041503906,55.0,1.92,1597.0,5688.0,239.0,98.84315852115029
2020-03,81.54003143310547,97.09007263183594,62.90298843383789,33.0,1.79,1592.0,5183.0,228.1,98.8350004716353
2020-04,69.33940124511719,81.76082611083984,47.59123229980469,23.3,1.74,1683.0,5058.0,221.7,99.91285705566406
2020-05,68.50721740722656,83.35546112060547,42.29555892944336,31.0,1.75,1716.0,5240.0,209.9,99.55300025939941
2020-06,71.22785949707031,85.86660766601562,49.760887145996094,39.9,1.61,1732.0,5755.0,200.5,97.08772798018022
2020-07,66.47328186035156,88.73797607421875,36.25208282470703,42.8,1.74,1847.0,6372.0,212.7,95.51409114490856
2020-08,65.46604919433594,90.00911712646484,28.454627990722656,44.3,2.3,1969.0,6499.0,208.9,93.0442857288179
2020-09,80.37738037109375,101.25764465332031,49.51808166503906,41.1,1.92,1922.0,6705.0,219.7,93.43714287167504
2020-10,76.08316802978516,97.65258026123047,42.68144226074219,40.5,2.25,1900.0,6714.0,245.2,93.40636340054598
2020-11,70.06746673583984,79.03644561767578,62.31394577026367,43.2,2.59,1866.0,7069.0,247.9,92.6195011138916
2020-12,64.06729125976562,86.81527709960938,31.744428634643555,49.9,2.54,1858.0,7772.0,251.2,90.51272721724077
2021-01,77.418701171875,98.47562408447266,48.2874870300293,54.6,2.67,1867.0,7972.0,276.4,90.22631554854543
2021-02,73.95680236816406,94.48355865478516,46.326778411865234,62.0,5.07,1808.0,8471.0,276.6,90.65157880281147
2021-03,78.61876678466797,100.85202026367188,49.41804122924805,65.2,2.56,1718.0,8988.0,272.6,92.00913039497708
2021-04,88.16622161865234,109.58695983886719,67.87379455566406,64.8,2.61,1760.0,9325.0,281.4,91.58761887323288
2021-05,93.00713348388672,120.7828369140625,52.62611389160156,68.0,2.89,1850.0,10162.0,271.0,90.31799964904785
2021-06,74.12712097167969,92.54654693603516,46.34864044189453,73.1,3.23,1835.0,9632.0,263.5,91.03909128362483
2021-07,58.42076873779297,64.03631591796875,50.7158317565918,74.4,3.8,1808.0,9451.0,254.7,92.52285802932013
2021-08,89.4865493774414,103.20159149169922,76.48285675048828,70.0,4.05,1785.0,9370.0,276.2,92.7999995838512
2021-09,80.69696807861328,92.04731750488281,67.94027709960938,74.6,5.11,1775.0,9325.0,263.6,92.99238041469029
2021-10,79.02923583984375,93.80802917480469,61.149112701416016,83.7,5.48,1777.0,9829.0,262.2,93.95142800467355
2021-11,86.56914520263672,121.5009536743164,39.74269104003906,80.8,5.02,1822.0,9729.0,334.5,95.27095140729632
2021-12,105.34542083740234,155.3102569580078,47.65493392944336,74.3,3.73,1790.0,9551.0,327.8,96.19000001387163
2022-01,138.67498779296875,199.48751831054688,63.251529693603516,85.5,4.33,1816.0,9782.0,325.2,95.96649971008301
2022-02,216.1590118408203,320.6058654785156,105.21830749511719,95.8,4.66,1856.0,9943.0,339.3,95.9968426353053
2022-03,318.9549255371094,403.713623046875,250.9558563232422,115.6,4.88,1948.0,10231.0,446.7,98.46695676057234
2022-04,191.14309692382812,221.91055297851562,184.41781616210938,105.8,6.53,1937.0,10161.0,427.3,100.70849990844727
2022-05,142.25848388671875,166.424560546875,140.13734436035156,112.4,8.14,1849.0,9377.0,438.4,103.16761888776507
2022-06,130.7073211669922,160.72695922851562,114.81468963623047,120.1,7.67,1837.0,9024.0,379.9,103.8442862374442
2022-07,117.17676544189453,141.24293518066406,97.83872985839844,108.9,7.26,1733.0,7545.0,316.7,107.03350028991699
2022-08,132.86322021484375,159.38302612304688,111.15857696533203,98.6,8.79,1765.0,7982.0,311.5,107.1495653235394
2022-09,131.98587036132812,170.31179809570312,108.6280746459961,90.2,7.76,1681.0,7746.0,388.8,110.74333336239769
2022-10,143.16241455078125,185.2843017578125,112.6750259399414,93.1,5.62,1664.0,7651.0,423.3,111.94142804827008
2022-11,116.7162857055664,143.0465545654297,98.68260955810547,91.1,5.28,1725.0,8050.0,420.6,108.14000047956195
2022-12,111.19593811035156,119.1385269165039,109.772216796875,80.9,5.5,1798.0,8375.0,415.1,104.5028566632952
2023-01,104.26704406738281,113.02135467529297,94.62993621826172,83.1,3.27,1898.0,9038.0,410.0,102.71199913024903
2023-02,120.99437713623047,147.05015563964844,103.02875518798828,82.7,2.38,1855.0,8937.0,311.9,103.66000004818565
2023-03,105.37997436523438,125.08584594726562,86.75404357910156,78.5,2.3,1913.0,8856.0,284.7,103.76739137069039
2023-04,106.80965423583984,118.16682434082031,93.2484130859375,84.1,2.16,2000.0,8809.0,277.2,101.764209948088
2023-05,108.46768188476562,122.47150421142578,92.75943756103516,75.7,2.15,1992.0,8217.0,260.5,102.70136295665394
2023-06,110.52894592285156,129.40652465820312,95.2789077758789,74.9,2.18,1943.0,8397.0,257.0,103.11190432593936
2023-07,107.44878387451172,123.80915069580078,91.76800537109375,80.1,2.55,1951.0,8477.0,249.9,101.32749938964844
2023-08,101.14118194580078,117.60943603515625,83.60504913330078,86.2,2.58,1919.0,8349.0,230.8,103.09652179220448
2023-09,98.63481140136719,125.65179443359375,68.4659194946289,94.0,2.64,1916.0,8277.0,230.6,105.33149948120118
2023-10,197.8870086669922,205.04005432128906,221.80393981933594,91.1,2.99,1916.0,7937.0,236.6,106.35318235917525
2023-11,156.69613647460938,143.49435424804688,189.5543975830078,83.2,2.71,1984.0,8190.0,241.0,104.52809506370907
2023-12,142.2794647216797,136.1783905029297,173.96380615234375,77.9,2.53,2026.0,8400.0,255.0,102.6830005645752
2024-01,160.3736572265625,140.83609008789062,208.4711456298828,80.2,3.18,2034.0,8339.0,247.9,102.97476196289062
2024-02,146.59817504882812,140.2446746826172,171.18118286132812,83.8,1.72,2023.0,8305.0,246.2,104.10450096130371
2024-03,133.21316528320312,121.53968048095703,151.81399536132812,85.4,1.5,2158.0,8689.0,228.5,103.62400093078614
2024-04,163.9473419189453,170.697998046875,165.99069213867188,90.1,1.6,2331.0,9464.0,227.8,105.41181876442649
2024-05,130.52186584472656,131.44712829589844,133.154296875,82.0,2.13,2351.0,10139.0,253.2,104.96500084616922
2024-06,113.0927963256836,125.71302795410156,109.73841094970703,82.6,2.51,2326.0,9648.0,230.6,105.16684281198602
2024-07,92.3948745727539,95.1602783203125,95.11029815673828,85.3,2.08,2398.0,9385.0,218.8,104.61045455932617
2024-08,140.97506713867188,124.80498504638672,165.17947387695312,80.9,1.99,2470.0,8972.0,205.8,102.21272693980823
2024-09,130.35877990722656,134.03704833984375,135.5546112060547,74.3,2.25,2571.0,9237.0,219.2,101.0185001373291
2024-10,130.689208984375,128.40969848632812,142.81838989257812,75.7,2.21,2690.0,9534.0,233.3,103.31130450704823
2024-11,128.90164184570312,139.14866638183594,127.42887115478516,74.4,2.1,2651.0,9076.0,229.0,105.84349975585937
2024-12,142.36643981933594,128.26246643066406,164.81373596191406,73.8,3.02,2648.0,8916.0,230.3,107.18999989827473
2025-01,113.233154296875,117.08644104003906,109.50493621826172,79.2,4.1,2710.0,8991.0,230.6,108.60904729933966
2025-02,136.9805908203125,138.7676544189453,140.7871551513672,75.2,4.22,2895.0,9331.0,243.5,107.35315744500411
2025-03,174.3096466064453,193.36782836914062,159.4183807373047,72.6,4.13,2983.0,9740.0,227.5,104.18714287167504
2025-04,140.9822540283203,159.26712036132812,132.06373596191406,67.7,3.4,3218.0,9177.0,219.6,100.71761866978237
2025-05,166.83749389648438,205.18582153320312,149.22117614746094,64.2,3.12,3309.0,9533.0,221.3,100.08318120783025
2025-06,221.13490295410156,286.4390869140625,182.07473754882812,71.5,3.02,3353.0,9835.0,217.3,98.36100006103516
2025-07,134.23008728027344,156.1194610595703,119.3396224975586,71.0,3.19,3340.0,9771.0,210.6,98.00272820212625
2025-08,138.98846435546875,160.41519165039062,121.7310562133789,68.2,2.91,3368.0,9670.0,200.3,98.23999968029204
2025-09,126.74058532714844,142.89134216308594,115.22395324707031,68.0,2.97,3668.0,9984.0,207.0,97.68571472167969
2025-10,154.52259826660156,168.00865173339844,151.55816650390625,64.7,3.2,4058.0,10740.0,209.3,98.7652176566746
2025-11,104.35176849365234,118.69731903076172,88.69731140136719,63.6,3.79,4087.0,10812.0,225.2,99.74736906352796
2025-12,132.48622131347656,146.3589324951172,123.53462219238281,62.7,4.25,4309.0,11785.0,223.2,98.54272738370028
2026-01,168.62986755371094,220.17141723632812,100.22209930419922,66.8,7.58,4753.0,13012.0,217.7,98.20899925231933
2026-02,119.86540985107422,156.00601196289062,81.2406234741211,71.1,3.61,5020.0,12951.0,232.4,97.45526323820415
2026-03,330.17681884765625,319.2039794921875,450.3603515625,103.7,3.06,4856.0,12529.0,247.4,99.48227275501598
2026-04,252.3643341064453,271.0191345214844,307.6094970703125,120.4,2.77,4721.0,12951.0,246.5,98.72523898170108
2026-05,203.55667114257812,233.46385192871094,215.21937561035156,107.5,2.93,4587.0,13543.0,259.5,98.71650009155273
2026-06,179.72244262695312,214.9290313720703,184.4062957763672,85.4,3.15,4228.0,13552.0,237.5,100.29476202101935
2026-07,152.66822814941406,175.02061462402344,168.84104919433594,83.4,2.89,4073.0,13543.0,258.1,100.95954617587003
2026-08,,,,,,,,,99.79116694132487
