Regime,Commodity,Horizon,N,Mean,Median,Min,Max
EXTREME,Brent,+1M,21,-0.003461089994352996,-0.01700154559505407,-0.18143459915611815,0.2583025830258303
EXTREME,Brent,+3M,21,-0.003399726847650029,-0.04878048780487809,-0.2522522522522521,0.8023952095808384
EXTREME,Natural_Gas,+1M,21,-0.030889271241282896,-0.06666666666666676,-0.5237467018469657,0.33811475409836067
EXTREME,Natural_Gas,+3M,21,0.09148839129049773,-0.01655629139072845,-0.6345646437994723,1.36875
EXTREME,Gold,+1M,21,-5.1305821378286984e-06,-0.003877124962719969,-0.05529225908372826,0.07877975192758968
EXTREME,Gold,+3M,21,0.03269644629007161,0.0235294117647058,-0.12932454695222406,0.1712666338097586
EXTREME,Copper,+1M,21,0.00506930323266574,0.0,-0.0729060698541879,0.0713229078613693
EXTREME,Copper,+3M,21,0.010328724840273548,0.009391588403429907,-0.12546499830909708,0.21154562383612663
EXTREME,Wheat,+1M,21,-0.0015897324686593968,-0.006535947712418166,-0.14674302075876866,0.1246630727762803
EXTREME,Wheat,+3M,21,-0.011026503663272826,-0.039508340649692664,-0.2834645669291338,0.29986522911051217
